conversation_id,text,source,original_split,original_emotion,clean_text,word_count,topic,keyword_score,second_topic,second_score,score_difference,is_ambiguous,reviewed_topic,is_correct,review_notes
empathetic_hit:6770_conv:13540,Situation: I was proud when my brother graduated college.  He had to work hard but he got through it. Conversation: My little brother graduated not too long ago.  He had to work hard but made it through it. He did!  He actually just started a new job that he loves and is related to his degree.,empathetic_dialogues,validation,proud,Situation: I was proud when my brother graduated college. He had to work hard but he got through it. Conversation: My little brother graduated not too long ago. He had to work hard but made it through it. He did! He actually just started a new job that he loves and is related to his degree.,56,career_and_work,3,education,2,1,False,,,
empathetic_hit:10554_conv:21109,Situation: I'm unemployed and struggling right now. I feel really bad when people talk to me about their new houses and clothes and stuff_comma_ even though they're not trying to be mean Conversation: I'm unemployed and struggling right now. I feel really bad when people talk to me about their new stuff_comma_ even though they're not trying to be mean yeah! I just want to be able to support myself and not go to the food bank or rely on friends and family,empathetic_dialogues,validation,jealous,Situation: I'm unemployed and struggling right now. I feel really bad when people talk to me about their new houses and clothes and stuff_comma_ even though they're not trying to be mean Conversation: I'm unemployed and struggling right now. I feel really bad when people talk to me about their new stuff_comma_ even though they're not trying to be mean yeah! I just want to be able to support myself and not go to the food bank or rely on friends and family,83,career_and_work,2,relationships,1,1,False,,,
empathetic_hit:4684_conv:9369,Situation: When I interviewed for this job I had to wait for a couple weeks to hear back about it.  It was kinda rough. Conversation: Interestingly_comma_ I also had a job interview recently_comma_ although I've already heard back and I got it! A lab manager for a Physics department at a University.,empathetic_dialogues,test,anticipating,Situation: When I interviewed for this job I had to wait for a couple weeks to hear back about it. It was kinda rough. Conversation: Interestingly_comma_ I also had a job interview recently_comma_ although I've already heard back and I got it! A lab manager for a Physics department at a University.,52,career_and_work,4,education,1,3,False,,,
empathetic_hit:3108_conv:6217,Situation: I found out that I was one of the top performers in the Mid-South district for my job!  I knew I could do it! Conversation: I found out yesterday at work that I'm one of the top performers for my district!  I figured I was doing good_comma_ I didn't know I was doing *that* well! Usually at the end of the day it's never anything nice when my supervisor wants to talk to me but she broke the news and I was surprised!  Been walking on sunshine all weekend! How long have you been there? I'm sure you've done some good work - would it be hard to talk to someone and make your case?,empathetic_dialogues,test,confident,Situation: I found out that I was one of the top performers in the Mid-South district for my job! I knew I could do it! Conversation: I found out yesterday at work that I'm one of the top performers for my district! I figured I was doing good_comma_ I didn't know I was doing *that* well! Usually at the end of the day it's never anything nice when my supervisor wants to talk to me but she broke the news and I was surprised! Been walking on sunshine all weekend! How long have you been there? I'm sure you've done some good work - would it be hard to talk to someone and make your case?,116,career_and_work,3,daily_life,1,2,False,,,
empathetic_hit:7903_conv:15806,Situation: I am going on a cruise to the Bahamas next month. I have been waiting for this for so long. I cannot wait. Conversation: I am going on a cruise to the Bahamas next month. that is great are you on a business journey or Holiday It is just for leisure. I can't wait! i will be staying at home,empathetic_dialogues,train,excited,Situation: I am going on a cruise to the Bahamas next month. I have been waiting for this for so long. I cannot wait. Conversation: I am going on a cruise to the Bahamas next month. that is great are you on a business journey or Holiday It is just for leisure. I can't wait! i will be staying at home,61,career_and_work,1,daily_life,1,0,True,,,
empathetic_hit:1274_conv:2548,Situation: So I was at work today_comma_ wearing some slightly tight jeans_comma_ since they're slim fit_comma_ and I bent over and they split. Just like in the movies. I meant people could see my undies... Conversation: So I was at work today_comma_ wearing some slightly tight jeans_comma_ since they're slim fit_comma_ and I bent over and they split. Just like in the movies. I meant people could see my undies... Oh my god_comma_ I would have been so embarrassed! How'd you react? mortified. Tried to pretend it didn't happen. At first no one noticed_comma_ but then they all figured it out. I left at lunch time :( So you left work at lunch time? Did you come back or were you too ashamed? I came back! Was worried about getting fired. People will probably tease me for a bit_comma_ but oh well. Yeah_comma_ I mean things happen. Better to put it in the back of your head and keep trucking along.,empathetic_dialogues,train,embarrassed,Situation: So I was at work today_comma_ wearing some slightly tight jeans_comma_ since they're slim fit_comma_ and I bent over and they split. Just like in the movies. I meant people could see my undies... Conversation: So I was at work today_comma_ wearing some slightly tight jeans_comma_ since they're slim fit_comma_ and I bent over and they split. Just like in the movies. I meant people could see my undies... Oh my god_comma_ I would have been so embarrassed! How'd you react? mortified. Tried to pretend it didn't happen. At first no one noticed_comma_ but then they all figured it out. I left at lunch time :( So you left work at lunch time? Did you come back or were you too ashamed? I came back! Was worried about getting fired. People will probably tease me for a bit_comma_ but oh well. Yeah_comma_ I mean things happen. Better to put it in the back of your head and keep trucking along.,161,career_and_work,4,self_confidence,2,2,False,,,
empathetic_hit:10633_conv:21267,Situation: This past weekend_comma_ we didn't have anything planned.  I thought we would be able to get a lot done on our house. Conversation: We didn't really have anything planned this last weekend_comma_ so were thinking we'd be productive. Well_comma_ plans got changed.  It rained like crazy_comma_ so we couldn't work outside. It was okay_comma_ though. We got to spend some time hanging out and had a low-key weekend.,empathetic_dialogues,validation,hopeful,Situation: This past weekend_comma_ we didn't have anything planned. I thought we would be able to get a lot done on our house. Conversation: We didn't really have anything planned this last weekend_comma_ so were thinking we'd be productive. Well_comma_ plans got changed. It rained like crazy_comma_ so we couldn't work outside. It was okay_comma_ though. We got to spend some time hanging out and had a low-key weekend.,69,career_and_work,1,daily_life,1,0,True,,,
empathetic_hit:10539_conv:21078,Situation: I've going through a spell as of late when I've been pacing back and forth more and more and self doubt has crept in. I'm waiting on an acceptance into a program for video editing. Conversation: Woof I am having a hard time as of late. I've been waiting on an acceptance into a video production program and it's driving me up the wall. Oh_comma_ that must be nerve-wracking! It is. A lot of self doubt has crept into my head as of late and I'm trying to fight it off. Patience isn't always a virtue that I am good with either. You should feel confident in your work! I am trying. Thanks for the boost! Good luck!,empathetic_dialogues,train,anxious,Situation: I've going through a spell as of late when I've been pacing back and forth more and more and self doubt has crept in. I'm waiting on an acceptance into a program for video editing. Conversation: Woof I am having a hard time as of late. I've been waiting on an acceptance into a video production program and it's driving me up the wall. Oh_comma_ that must be nerve-wracking! It is. A lot of self doubt has crept into my head as of late and I'm trying to fight it off. Patience isn't always a virtue that I am good with either. You should feel confident in your work! I am trying. Thanks for the boost! Good luck!,119,career_and_work,1,self_confidence,1,0,True,,,
empathetic_hit:3276_conv:6552,Situation: Last week_comma_ I had a meeting in my office. I worked really hard for that. And because of that_comma_ I felt disposed. Conversation: Last week_comma_ I felt very inclined. Inclined to do what? I had a meeting and I worked really hard for that. Because of that_comma_ I felt very inclined to present my ideas in the meeting. That is cool.  How did you do?,empathetic_dialogues,train,prepared,Situation: Last week_comma_ I had a meeting in my office. I worked really hard for that. And because of that_comma_ I felt disposed. Conversation: Last week_comma_ I felt very inclined. Inclined to do what? I had a meeting and I worked really hard for that. Because of that_comma_ I felt very inclined to present my ideas in the meeting. That is cool. How did you do?,66,career_and_work,1,education,0,1,False,,,
empathetic_hit:1598_conv:3196,Situation: I got a new job_comma_ but I'm going to finish this last project with my current job before leaving. Conversation: I got a new job_comma_ but I'm going to finish this last project with my current job before leaving. I wish I had a expedition An expedition? Do you mean a trip or car? Why do you think that?,empathetic_dialogues,train,faithful,Situation: I got a new job_comma_ but I'm going to finish this last project with my current job before leaving. Conversation: I got a new job_comma_ but I'm going to finish this last project with my current job before leaving. I wish I had a expedition An expedition? Do you mean a trip or car? Why do you think that?,60,career_and_work,2,daily_life,2,0,True,,,
empathetic_hit:8607_conv:17214,Situation: Printer is really grinding my gears today!! Conversation: You know what grinds my gears? What is it? A printer that causes more trouble than it's worth!!! oh yeah that really do grind!! The one I use at work NEVER works!!!  I really hate that thing,empathetic_dialogues,train,annoyed,Situation: Printer is really grinding my gears today!! Conversation: You know what grinds my gears? What is it? A printer that causes more trouble than it's worth!!! oh yeah that really do grind!! The one I use at work NEVER works!!! I really hate that thing,46,career_and_work,1,education,0,1,False,,,
empathetic_hit:8107_conv:16214,Situation: I was disappointed when i got fired from a project in my company Conversation: I was really upset during that time.But i was confident. I worked hard in next project and got promotion What time was that? It was 20 years back Wow long time! Are you still at this job? No. I am retired,empathetic_dialogues,train,disappointed,Situation: I was disappointed when i got fired from a project in my company Conversation: I was really upset during that time.But i was confident. I worked hard in next project and got promotion What time was that? It was 20 years back Wow long time! Are you still at this job? No. I am retired,56,career_and_work,4,self_confidence,1,3,False,,,
empathetic_hit:9476_conv:18953,Situation: I am living on my own now. When I get home from work I have no one to talk to Conversation: I am living on my own now. Awesome. Is it the first ime? Yes but when I get home from work I have no one to talk to Maybe you will a friend soon. Or even meet a nice guy.,empathetic_dialogues,train,lonely,Situation: I am living on my own now. When I get home from work I have no one to talk to Conversation: I am living on my own now. Awesome. Is it the first ime? Yes but when I get home from work I have no one to talk to Maybe you will a friend soon. Or even meet a nice guy.,62,career_and_work,2,relationships,1,1,False,,,
empathetic_hit:496_conv:992,Situation: Yesterday at weekly meeting_comma_ my supervisor praised me for my good work on the project Conversation: I worked very hard on my part on the assigned project and my supervisor praised me yesterday in front of others in the meeting That's great to hear! I am sure you deserved it since you put so much effort in the project. Indeed. I felt very appreciated for the work I did and was truly grateful It is good your supervisor takes notice of your hard work. Nothing is more annoying than not getting recognition for effort.,empathetic_dialogues,train,proud,Situation: Yesterday at weekly meeting_comma_ my supervisor praised me for my good work on the project Conversation: I worked very hard on my part on the assigned project and my supervisor praised me yesterday in front of others in the meeting That's great to hear! I am sure you deserved it since you put so much effort in the project. Indeed. I felt very appreciated for the work I did and was truly grateful It is good your supervisor takes notice of your hard work. Nothing is more annoying than not getting recognition for effort.,95,career_and_work,3,education,0,3,False,,,
empathetic_hit:5798_conv:11597,Situation: I had a difficult job interview. I need a new job as I am unemployed. Conversation: I had a difficult job interview this week. don't think about it_comma_ what is done is done_comma_ just anticipate that they will call you back_comma_ the universe have it's way of helping if we believe Fingers crossed then. Yes that's the spirit :),empathetic_dialogues,train,apprehensive,Situation: I had a difficult job interview. I need a new job as I am unemployed. Conversation: I had a difficult job interview this week. don't think about it_comma_ what is done is done_comma_ just anticipate that they will call you back_comma_ the universe have it's way of helping if we believe Fingers crossed then. Yes that's the spirit :),60,career_and_work,6,education,0,6,False,,,
empathetic_hit:2185_conv:4370,Situation: I cared about a lady today who was concerned about her child in daycare. I went above and beyond my work to get a message to her about cameras Conversation: I was working and a lady was concerned about her daughter. I went above and beyond my work description in order to let her know about cameras at a daycare and how she could see them. That's very kind of you.  Did she feel better after? Yes! She was so kind and I am glad I could help her to make sure he baby is safe! That's good to hear.  Do parents often view the daycare cameras? yes! It should be mandatory honestly,empathetic_dialogues,train,caring,Situation: I cared about a lady today who was concerned about her child in daycare. I went above and beyond my work to get a message to her about cameras Conversation: I was working and a lady was concerned about her daughter. I went above and beyond my work description in order to let her know about cameras at a daycare and how she could see them. That's very kind of you. Did she feel better after? Yes! She was so kind and I am glad I could help her to make sure he baby is safe! That's good to hear. Do parents often view the daycare cameras? yes! It should be mandatory honestly,114,career_and_work,3,family,3,0,True,,,
empathetic_hit:3064_conv:6128,Situation: I needed gas and didn't have cash. Some stranger paid for it without me even asking. Conversation: I needed gas and didn't have cash. Some stranger paid for it without me even asking. That's really nice.   Sometimes things work out ok. Some people are quite ok. Makes up for the bad ones I guess. Did you just forget your wallet or did you not have any money at all?,empathetic_dialogues,train,grateful,Situation: I needed gas and didn't have cash. Some stranger paid for it without me even asking. Conversation: I needed gas and didn't have cash. Some stranger paid for it without me even asking. That's really nice. Sometimes things work out ok. Some people are quite ok. Makes up for the bad ones I guess. Did you just forget your wallet or did you not have any money at all?,70,career_and_work,1,financial_concerns,1,0,True,,,
empathetic_hit:7297_conv:14594,Situation: i was sad when i couldnt go home on time Conversation: i was sad when i couldnt go home on time what do you mean? did you get stuck somewhere? got stuck at work working on a file lammee_comma_ did you atleast finish up the file?,empathetic_dialogues,train,disappointed,Situation: i was sad when i couldnt go home on time Conversation: i was sad when i couldnt go home on time what do you mean? did you get stuck somewhere? got stuck at work working on a file lammee_comma_ did you atleast finish up the file?,47,career_and_work,2,education,0,2,False,,,
empathetic_hit:6122_conv:12244,Situation: My brother got a new promotion at work. I was pretty surprised in a good way to see his paycheck Conversation: My brother got a promotion at work. I was surprised in a good way at his paycheck That's great_comma_ good for him! It's always makes you feel good when your hard work is appreciated. He did deserve it Well_comma_ it's nice that you are happy for him as well. I'm sure he can find many uses for the extra money.,empathetic_dialogues,train,impressed,Situation: My brother got a new promotion at work. I was pretty surprised in a good way to see his paycheck Conversation: My brother got a promotion at work. I was surprised in a good way at his paycheck That's great_comma_ good for him! It's always makes you feel good when your hard work is appreciated. He did deserve it Well_comma_ it's nice that you are happy for him as well. I'm sure he can find many uses for the extra money.,82,career_and_work,5,financial_concerns,3,2,False,,,
empathetic_hit:11798_conv:23597,Situation: I recently moved to a new town and I don't know anyone. Conversation: I moved to a new area and feel isolated because i don't know anyone. Why did you move? A new job. oh_comma_ well it will come! I hope so! I hate this feeling.,empathetic_dialogues,train,lonely,Situation: I recently moved to a new town and I don't know anyone. Conversation: I moved to a new area and feel isolated because i don't know anyone. Why did you move? A new job. oh_comma_ well it will come! I hope so! I hate this feeling.,47,career_and_work,1,loneliness,1,0,True,,,
empathetic_hit:9411_conv:18822,Situation: I locked my keys in the car and didnt have a spare one. Conversation: I locked my keys in the car and didnt have a spare one. That's the worst! What did you do? Luckily there was a police officer near by and he helped me get it unlocked i was so happy. Saved you the money from having to call pop a lock.,empathetic_dialogues,train,grateful,Situation: I locked my keys in the car and didnt have a spare one. Conversation: I locked my keys in the car and didnt have a spare one. That's the worst! What did you do? Luckily there was a police officer near by and he helped me get it unlocked i was so happy. Saved you the money from having to call pop a lock.,65,daily_life,2,financial_concerns,1,1,False,,,
empathetic_hit:10598_conv:21196,Situation: I was overcharged $20 at the grocery store. Conversation: I went to the grocery store last week_comma_ which is 30 miles away from my house_comma_ and when I got home_comma_ I discovered I was overcharged by $20. That made me mad! That's terrible! Did you call and tell management? Yes_comma_ I did. But now I have to wait until next month to get my money_comma_ as I only go there once a month. Grrrrrr... Thats frustrating. At least you'll get your money back eventually.,empathetic_dialogues,train,furious,Situation: I was overcharged $20 at the grocery store. Conversation: I went to the grocery store last week_comma_ which is 30 miles away from my house_comma_ and when I got home_comma_ I discovered I was overcharged by $20. That made me mad! That's terrible! Did you call and tell management? Yes_comma_ I did. But now I have to wait until next month to get my money_comma_ as I only go there once a month. Grrrrrr... Thats frustrating. At least you'll get your money back eventually.,85,daily_life,2,financial_concerns,1,1,False,,,
empathetic_hit:11594_conv:23188,Situation: I was trying to cross a busy street the other day. As I was crossing_comma_ I tripped and fell down to the ground. Conversation: I was crossing the street the other day. As I was crossing_comma_ I tripped and fell to the ground. That must have hurt_comma_ did you get injured? I scraped my knee and dropped my food. Tragic_comma_ I'd be more annoyed at losing my food I think.,empathetic_dialogues,train,embarrassed,Situation: I was trying to cross a busy street the other day. As I was crossing_comma_ I tripped and fell down to the ground. Conversation: I was crossing the street the other day. As I was crossing_comma_ I tripped and fell to the ground. That must have hurt_comma_ did you get injured? I scraped my knee and dropped my food. Tragic_comma_ I'd be more annoyed at losing my food I think.,71,daily_life,2,health_and_wellness,1,1,False,,,
empathetic_hit:10891_conv:21782,Situation: i believe in my abilities and i believe in my game Conversation: i've been working on my game for months now_comma_ and i believe in my abilities and i believe that this game will do amazing! What game do you play? i don't play games_comma_ i make games. Ohhhh. What kind of game is it?,empathetic_dialogues,train,confident,Situation: i believe in my abilities and i believe in my game Conversation: i've been working on my game for months now_comma_ and i believe in my abilities and i believe that this game will do amazing! What game do you play? i don't play games_comma_ i make games. Ohhhh. What kind of game is it?,56,daily_life,5,career_and_work,1,4,False,,,
empathetic_hit:8998_conv:17996,Situation: I just went to a late night showing of insidious. I almost wet myself from the shock at certain parts. Conversation: I just got back from a latenight showing of the horror movie insidious Not really I  almost had an accident at some of the startling points.,empathetic_dialogues,test,afraid,Situation: I just went to a late night showing of insidious. I almost wet myself from the shock at certain parts. Conversation: I just got back from a latenight showing of the horror movie insidious Not really I almost had an accident at some of the startling points.,48,daily_life,1,career_and_work,0,1,False,,,
empathetic_hit:3895_conv:7790,Situation: I went to a tiny little restaurant in my neighborhood today. I was amazed at how good it was. Conversation: I tried a new restaurant in my neighborhood today How'd it go? IT was amazing. I couldn't believe such a small place was so good. Sounds like a great place! What did you get? Just a salad_comma_ but I tried my boufriends pasta and it was great,empathetic_dialogues,train,impressed,Situation: I went to a tiny little restaurant in my neighborhood today. I was amazed at how good it was. Conversation: I tried a new restaurant in my neighborhood today How'd it go? IT was amazing. I couldn't believe such a small place was so good. Sounds like a great place! What did you get? Just a salad_comma_ but I tried my boufriends pasta and it was great,68,daily_life,2,career_and_work,0,2,False,,,
empathetic_hit:3647_conv:7295,Situation: I found an old iPod in my drawers this morning. The memories I had with this thing hit me hard. Conversation: I found an old iPod in my drawers this morning. The memories I had with this thing hit me hard. Oh I have had that happen before.  What type of memories? Just nostalgia in general. I found an old playlist of the songs I used to listen to years ago. music brings back lots of memories,empathetic_dialogues,train,nostalgic,Situation: I found an old iPod in my drawers this morning. The memories I had with this thing hit me hard. Conversation: I found an old iPod in my drawers this morning. The memories I had with this thing hit me hard. Oh I have had that happen before. What type of memories? Just nostalgia in general. I found an old playlist of the songs I used to listen to years ago. music brings back lots of memories,78,daily_life,1,career_and_work,0,1,False,,,
empathetic_hit:4159_conv:8319,Situation: I was sitting on the bus one day and I realized that it was a cleaned up school bus. It made me think about how I miss those days sometimes Conversation: I realized that my bus that I ride to work in every day is a revamped school bus Oh god no thankfully I have fond memories of it. I just realized how cheap the company is!,empathetic_dialogues,test,nostalgic,Situation: I was sitting on the bus one day and I realized that it was a cleaned up school bus. It made me think about how I miss those days sometimes Conversation: I realized that my bus that I ride to work in every day is a revamped school bus Oh god no thankfully I have fond memories of it. I just realized how cheap the company is!,68,daily_life,4,career_and_work,2,2,False,,,
empathetic_hit:11769_conv:23539,Situation: Just before driving for the first time. I wasn't sure how to streer the car. Conversation: Driving is such a scary thing for me_comma_ it was my first time. It definitely can be_comma_ just learn to drive defensively! I just don't quite know how to steer the car. You will learn with experience and I'm sure you will be a great driver!,empathetic_dialogues,train,anxious,Situation: Just before driving for the first time. I wasn't sure how to streer the car. Conversation: Driving is such a scary thing for me_comma_ it was my first time. It definitely can be_comma_ just learn to drive defensively! I just don't quite know how to steer the car. You will learn with experience and I'm sure you will be a great driver!,63,daily_life,2,career_and_work,0,2,False,,,
empathetic_hit:11165_conv:22330,Situation: I received interesting gifts on my birthday Conversation: I love the gifts that i received last week on my birthday A pair of shoe,empathetic_dialogues,validation,content,Situation: I received interesting gifts on my birthday Conversation: I love the gifts that i received last week on my birthday A pair of shoe,25,daily_life,2,career_and_work,0,2,False,,,
empathetic_hit:554_conv:1109,Situation: i was stranded in a gas station and this lady helped me out Conversation: this lady has just popped in when i needed help most. I had forgoten my wallet at home and needed to refil my gas. she offered to help yes. i was so relieved_comma_ thanks to her i did_comma_ i will be having lunch with her over the weekend,empathetic_dialogues,validation,caring,Situation: i was stranded in a gas station and this lady helped me out Conversation: this lady has just popped in when i needed help most. I had forgoten my wallet at home and needed to refil my gas. she offered to help yes. i was so relieved_comma_ thanks to her i did_comma_ i will be having lunch with her over the weekend,63,daily_life,1,career_and_work,0,1,False,,,
empathetic_hit:4454_conv:8909,Situation: Someone spray painted my car last week.  I am so angry about it. Conversation: Someone spray painted my car last week. what is wrong with people I am so angry about it! i would be too,empathetic_dialogues,train,furious,Situation: Someone spray painted my car last week. I am so angry about it. Conversation: Someone spray painted my car last week. what is wrong with people I am so angry about it! i would be too,37,daily_life,2,career_and_work,0,2,False,,,
empathetic_hit:2686_conv:5373,Situation: i watched a horror movie yesterday Conversation: i watched a horror movie and i feel terrified and anxious all the time lost,empathetic_dialogues,validation,terrified,Situation: i watched a horror movie yesterday Conversation: i watched a horror movie and i feel terrified and anxious all the time lost,23,daily_life,2,stress_and_anxiety,1,1,False,,,
empathetic_hit:3869_conv:7738,Situation: I was scared when it stormed last weekend. I hate thunder Conversation: I was scared last weekend when it stormed. I hate thunder That's too bad. I bet it is hard to sleep during a loud storm. It was that weekend for sure Hopefully it settled down long enough for you to catch a break.,empathetic_dialogues,train,terrified,Situation: I was scared when it stormed last weekend. I hate thunder Conversation: I was scared last weekend when it stormed. I hate thunder That's too bad. I bet it is hard to sleep during a loud storm. It was that weekend for sure Hopefully it settled down long enough for you to catch a break.,56,daily_life,3,stress_and_anxiety,2,1,False,,,
empathetic_hit:2380_conv:4761,"Situation: I actualy made a list when I went grocery shopping today. I forgot nothing! Conversation: I went grocery shopping like I usually do today_comma_ but I did something different. Oh_comma_ that's curious... By different_comma_ what do you mean? Did you buy different stuff_comma_ or go to a different store_comma_ or what? I never wanted to be the ""grocery list"" person_comma_ but I did it today and its the first time in years I didn't forget something. I shouldve beem doing this all along especially with three kids. Oh yeah_comma_ totally. And then you don't end up buying too much or too little_comma_ and you don't waste time trying to remember things. There's also tons of little apps on your phone you can get that can make it really streamlined and convenient. I have so many apps_comma_ but I get frustated with technology easily. I think the list thing might work out after all I'm sorry to hear that. Maybe give it one more try_comma_ and if you continue to like it_comma_ that might be your sign to stick with it. Good luck!",empathetic_dialogues,train,prepared,"Situation: I actualy made a list when I went grocery shopping today. I forgot nothing! Conversation: I went grocery shopping like I usually do today_comma_ but I did something different. Oh_comma_ that's curious... By different_comma_ what do you mean? Did you buy different stuff_comma_ or go to a different store_comma_ or what? I never wanted to be the ""grocery list"" person_comma_ but I did it today and its the first time in years I didn't forget something. I shouldve beem doing this all along especially with three kids. Oh yeah_comma_ totally. And then you don't end up buying too much or too little_comma_ and you don't waste time trying to remember things. There's also tons of little apps on your phone you can get that can make it really streamlined and convenient. I have so many apps_comma_ but I get frustated with technology easily. I think the list thing might work out after all I'm sorry to hear that. Maybe give it one more try_comma_ and if you continue to like it_comma_ that might be your sign to stick with it. Good luck!",183,daily_life,2,career_and_work,1,1,False,,,
empathetic_hit:1814_conv:3629,Situation: My car burned down. Conversation: There was fire in my garage yesterday! Oh no! Are you ok? yes_comma_ but my car burned down_comma_ sadly. I'm sorry to hear that. What caused the fire?,empathetic_dialogues,train,devastated,Situation: My car burned down. Conversation: There was fire in my garage yesterday! Oh no! Are you ok? yes_comma_ but my car burned down_comma_ sadly. I'm sorry to hear that. What caused the fire?,34,daily_life,2,career_and_work,0,2,False,,,
empathetic_hit:7861_conv:15723,Situation: My neighbors had a party last night and played loud music until 1AM.  I was not happy Conversation: My neighbors decided to have a party last night and they played loud music until 1 AM.  It really got on my nerves. Oh I bet you wanted to over there and yell at them. Some people are so inconsiderate. And this is not the first time either.  You are right_comma_ so people are very selfish and it is frusterating. If it is too bad you should file a noise complaint with the police. Sometimes that is the only way to get the message across.,empathetic_dialogues,train,annoyed,Situation: My neighbors had a party last night and played loud music until 1AM. I was not happy Conversation: My neighbors decided to have a party last night and they played loud music until 1 AM. It really got on my nerves. Oh I bet you wanted to over there and yell at them. Some people are so inconsiderate. And this is not the first time either. You are right_comma_ so people are very selfish and it is frusterating. If it is too bad you should file a noise complaint with the police. Sometimes that is the only way to get the message across.,104,daily_life,4,career_and_work,0,4,False,,,
empathetic_hit:5923_conv:11847,Situation: Friday is movie night. My kids always pick the best movies. I can't wait. Conversation: We have movie night on Friday Sounds fun! What movie are you going to watch? I don't know yet. Its my daughter turn. The kids always pick gun movies Oh. Well that's lovely.. I suppose. Lol. Maybe you should amend the movie night rules with a different theme every time so they are more constrained to what they have to choose from! Haha! I meant fun movies not gun movies lol,empathetic_dialogues,train,excited,Situation: Friday is movie night. My kids always pick the best movies. I can't wait. Conversation: We have movie night on Friday Sounds fun! What movie are you going to watch? I don't know yet. Its my daughter turn. The kids always pick gun movies Oh. Well that's lovely.. I suppose. Lol. Maybe you should amend the movie night rules with a different theme every time so they are more constrained to what they have to choose from! Haha! I meant fun movies not gun movies lol,87,daily_life,4,family,1,3,False,,,
empathetic_hit:5495_conv:10990,Situation: I got pulled over for speeding last weekend!  Man_comma_ I sure was thankful that he let me go with just a warning!  What a cool cop! Conversation: I got pulled over for speeding last weekend! Man_comma_ I sure was thankful that he let me go with just a warning! What a cool cop! I have never gotten a ticket lol Well_comma_ let me tell you from experience_comma_ they are not fun!  Be happy you have gotten one! Let me knock on wood right now!,empathetic_dialogues,train,grateful,Situation: I got pulled over for speeding last weekend! Man_comma_ I sure was thankful that he let me go with just a warning! What a cool cop! Conversation: I got pulled over for speeding last weekend! Man_comma_ I sure was thankful that he let me go with just a warning! What a cool cop! I have never gotten a ticket lol Well_comma_ let me tell you from experience_comma_ they are not fun! Be happy you have gotten one! Let me knock on wood right now!,85,daily_life,2,career_and_work,0,2,False,,,
empathetic_hit:11065_conv:22131,Situation: I fell getting outta my car yesterday. Conversation: So I had a moment that was horrible. I fell getting out of my darn car this morning. Im sorry to hear that. did you hurt yourself? Thankfully no. I was just embarassed as heck. Yeah i can only imagaine,empathetic_dialogues,train,embarrassed,Situation: I fell getting outta my car yesterday. Conversation: So I had a moment that was horrible. I fell getting out of my darn car this morning. Im sorry to hear that. did you hurt yourself? Thankfully no. I was just embarassed as heck. Yeah i can only imagaine,49,daily_life,2,career_and_work,0,2,False,,,
empathetic_hit:11108_conv:22216,Situation: i was graduating from college and lookng back on my experience Conversation: i graduated from college last year_comma_ and it was a strange feeling. Why strange_comma_ its one of the happiest moments it was kind of bittersweet. i kept looking back on my time there_comma_ and it made me feel nostalgic memories can give you mixed emotions sometimes,empathetic_dialogues,train,sentimental,Situation: i was graduating from college and lookng back on my experience Conversation: i graduated from college last year_comma_ and it was a strange feeling. Why strange_comma_ its one of the happiest moments it was kind of bittersweet. i kept looking back on my time there_comma_ and it made me feel nostalgic memories can give you mixed emotions sometimes,59,education,2,career_and_work,0,2,False,,,
empathetic_hit:2978_conv:5956,Situation: When I finished my math test_comma_ I felt like I did well enough to get an A! Conversation: The test was so hard_comma_ but I think I got a good grade! I hope you get a good grade. Were you well prepared? I studied so much the last few nights_comma_ gave up going out with friends... So_comma_ you don't have to worry about it. Yeah_comma_ I'm glad it's over now thought!,empathetic_dialogues,train,hopeful,Situation: When I finished my math test_comma_ I felt like I did well enough to get an A! Conversation: The test was so hard_comma_ but I think I got a good grade! I hope you get a good grade. Were you well prepared? I studied so much the last few nights_comma_ gave up going out with friends... So_comma_ you don't have to worry about it. Yeah_comma_ I'm glad it's over now thought!,72,education,3,relationships,1,2,False,,,
empathetic_hit:11000_conv:22000,Situation: It's back to school time. I am a teacher and I spent time getting my classroom ready today. Conversation: It's back to school time. I am a teacher and I spent time getting my classroom ready today. That's got to be exciting!  [And as a parent_comma_ I salute you!]  What grade do you teach? I teach high school cooking! It's a lot of fun! Oh_comma_ wow!  That does sound fun!  Just for the idea of eating in class every once in a while! Yeah_comma_ we eat almost everything we make. It's a great practical class. What sorts of things do the kids learn how to make? We do everything from baking to pasta_comma_ starches_comma_ meat and poultry...we run a little mock restaurant for other teachers. I wish they had that when I was in school in 199*coughcough*  :),empathetic_dialogues,train,prepared,Situation: It's back to school time. I am a teacher and I spent time getting my classroom ready today. Conversation: It's back to school time. I am a teacher and I spent time getting my classroom ready today. That's got to be exciting! [And as a parent_comma_ I salute you!] What grade do you teach? I teach high school cooking! It's a lot of fun! Oh_comma_ wow! That does sound fun! Just for the idea of eating in class every once in a while! Yeah_comma_ we eat almost everything we make. It's a great practical class. What sorts of things do the kids learn how to make? We do everything from baking to pasta_comma_ starches_comma_ meat and poultry...we run a little mock restaurant for other teachers. I wish they had that when I was in school in 199*coughcough* :),139,education,9,daily_life,2,7,False,,,
empathetic_hit:1232_conv:2465,Situation: I cant wait for school to start. I am so excited Conversation: School is about to start. I can't wait Are you attending post secondary? Im in college. My kids are goin back too That's awesome! What are you and your kids taking? Im studying criinal justice. They are just in elementary,empathetic_dialogues,train,anxious,Situation: I cant wait for school to start. I am so excited Conversation: School is about to start. I can't wait Are you attending post secondary? Im in college. My kids are goin back too That's awesome! What are you and your kids taking? Im studying criinal justice. They are just in elementary,53,education,4,career_and_work,0,4,False,,,
empathetic_hit:9064_conv:18129,Situation: I really really would like to make a good grade on my midterm exam this week. It's my first graduate level course_comma_ so I need to be on point. Conversation: I'm taking my midterm exam this week_comma_ and I really want to do well on it. I've studied a lot_comma_ and taken the practice test 5 times. I'm still pretty anxious though! That's true. I probably have it down pat at this point. It's just it's my first graduate course_comma_ and I want to ace my entire graduate degree with a 4.0 GPA. This is my first major major grade.,empathetic_dialogues,test,hopeful,Situation: I really really would like to make a good grade on my midterm exam this week. It's my first graduate level course_comma_ so I need to be on point. Conversation: I'm taking my midterm exam this week_comma_ and I really want to do well on it. I've studied a lot_comma_ and taken the practice test 5 times. I'm still pretty anxious though! That's true. I probably have it down pat at this point. It's just it's my first graduate course_comma_ and I want to ace my entire graduate degree with a 4.0 GPA. This is my first major major grade.,101,education,6,stress_and_anxiety,1,5,False,,,
empathetic_hit:586_conv:1172,Situation: Last year my roommate left and my I didnt know many people at college so it got a bit too bring and quiet Conversation: Last year in my first year of college my roommate left so i had little human contact the entire year How convenient that was! My daughter would love that! It was nice having no roommate but it got a bit lonely after a while_comma_ wouldve been nice to have more friends on campus I can understand that. Is it better for you this year? I didnt have a roommate this year either but I had more people there that I knew so it was better,empathetic_dialogues,train,lonely,Situation: Last year my roommate left and my I didnt know many people at college so it got a bit too bring and quiet Conversation: Last year in my first year of college my roommate left so i had little human contact the entire year How convenient that was! My daughter would love that! It was nice having no roommate but it got a bit lonely after a while_comma_ wouldve been nice to have more friends on campus I can understand that. Is it better for you this year? I didnt have a roommate this year either but I had more people there that I knew so it was better,110,education,3,relationships,1,2,False,,,
empathetic_hit:66_conv:133,Situation: My old high school is being turned into an old people's apartments building. So sad. Conversation: My old high school is being sold and turned into an old people's apartment complex. Sad to see it go. Nostalgia. Is there another HS nearby for the kids to go to? Yes_comma_ They consolidated and it's awful. The kids now have a thirty minute bus ride one way to school. That's pretty terrible. Thirty minutes in a day pretty much just commuting one way. School is already tough. I know. We have a lot of snow in the winter too. So it's dangerous also.,empathetic_dialogues,train,nostalgic,Situation: My old high school is being turned into an old people's apartments building. So sad. Conversation: My old high school is being sold and turned into an old people's apartment complex. Sad to see it go. Nostalgia. Is there another HS nearby for the kids to go to? Yes_comma_ They consolidated and it's awful. The kids now have a thirty minute bus ride one way to school. That's pretty terrible. Thirty minutes in a day pretty much just commuting one way. School is already tough. I know. We have a lot of snow in the winter too. So it's dangerous also.,102,education,4,daily_life,1,3,False,,,
empathetic_hit:4677_conv:9355,Situation: I just took my last finals in college. I spent the entire night studying so I knew the material very well. Conversation: I just took the last of my college finals and I stayed up all night studying the material. I know I did well_comma_ I had the material all memorized and knew the answers to all the questions.,empathetic_dialogues,validation,prepared,Situation: I just took my last finals in college. I spent the entire night studying so I knew the material very well. Conversation: I just took the last of my college finals and I stayed up all night studying the material. I know I did well_comma_ I had the material all memorized and knew the answers to all the questions.,60,education,4,career_and_work,0,4,False,,,
empathetic_hit:8636_conv:17272,Situation: My son had all A's last year at school.  I am so pleased with his performance. Conversation: My son had all A's last year at school. Wow you must be so proud! Yes! I am so pleased with his performance! I hope he keeps it up!,empathetic_dialogues,train,proud,Situation: My son had all A's last year at school. I am so pleased with his performance. Conversation: My son had all A's last year at school. Wow you must be so proud! Yes! I am so pleased with his performance! I hope he keeps it up!,47,education,2,family,2,0,True,,,
empathetic_hit:8022_conv:16045,Situation: I am so worried I will fail my Geometry test coming up. I just don't understand the concepts. Conversation: I am really worried I will flunk my Geometry test. I just don't get the material. That really stinks. Have you gone to get some help on it? I'm going to call my friend that is a math wizard. Maybe he can help me understand this stuff. I am sure he will be able to help you. I hope you pass.,empathetic_dialogues,train,anxious,Situation: I am so worried I will fail my Geometry test coming up. I just don't understand the concepts. Conversation: I am really worried I will flunk my Geometry test. I just don't get the material. That really stinks. Have you gone to get some help on it? I'm going to call my friend that is a math wizard. Maybe he can help me understand this stuff. I am sure he will be able to help you. I hope you pass.,81,education,2,stress_and_anxiety,2,0,True,,,
empathetic_hit:10694_conv:21389,Situation: I was upset when I did not do well on a test. Conversation: I was upset when I did not do well on a test. Not exactly_comma_ but close enough. I will study better next time.,empathetic_dialogues,validation,sad,Situation: I was upset when I did not do well on a test. Conversation: I was upset when I did not do well on a test. Not exactly_comma_ but close enough. I will study better next time.,37,education,3,career_and_work,0,3,False,,,
empathetic_hit:5294_conv:10589,Situation: School starts tomorrow for my oldest. I really hope he does well and enjoys it. Conversation: School starts tomorrow for my oldest. I really hope he does well and enjoys it and that he doesn't get scared or miss me too bad or misbehave. Schools are fun. I wish i could turn time back and go back to those good old days I remember thinking how bad I had it because I had to go to school every day. Now I wish that was the worst thing I had going on! Lol. Becoming adult is much worse to happen. School concerns as it appears now after realizing_comma_ were much more hassle free,empathetic_dialogues,train,anxious,Situation: School starts tomorrow for my oldest. I really hope he does well and enjoys it. Conversation: School starts tomorrow for my oldest. I really hope he does well and enjoys it and that he doesn't get scared or miss me too bad or misbehave. Schools are fun. I wish i could turn time back and go back to those good old days I remember thinking how bad I had it because I had to go to school every day. Now I wish that was the worst thing I had going on! Lol. Becoming adult is much worse to happen. School concerns as it appears now after realizing_comma_ were much more hassle free,113,education,4,stress_and_anxiety,1,3,False,,,
empathetic_hit:181_conv:363,Situation: I was in college for 8 years. I didn't get done until the end of 2017. I graduated high school in 2009 felt so proud when i was done with school. Conversation: So i am really happy with myself lately. Finally graduated college after 8 years since 2009. Wow_comma_ go you! I am proud of you_comma_ it can be tough to do! Yeah it felt tough every year that passed but i got that degree man. That is what matters_comma_ best of luck using it friend!,empathetic_dialogues,train,proud,Situation: I was in college for 8 years. I didn't get done until the end of 2017. I graduated high school in 2009 felt so proud when i was done with school. Conversation: So i am really happy with myself lately. Finally graduated college after 8 years since 2009. Wow_comma_ go you! I am proud of you_comma_ it can be tough to do! Yeah it felt tough every year that passed but i got that degree man. That is what matters_comma_ best of luck using it friend!,87,education,5,relationships,1,4,False,,,
empathetic_hit:7900_conv:15801,Situation: My parents paid for all my years in college. It would have cost me a small fortune_comma_ so I am forever thankful to them! Conversation: My parents paid for all my years in college. It would have cost me a small fortune_comma_ so I am forever thankful to them! How nice of them. My oldest is paying her own way. I wish I was in a situation that I could help her more. Yeah_comma_ I felt really lucky not having to get student loans! I'm sure it was a huge relief not having to worry about loans. I'm still dealing with mine and I graduated in 2008.,empathetic_dialogues,train,grateful,Situation: My parents paid for all my years in college. It would have cost me a small fortune_comma_ so I am forever thankful to them! Conversation: My parents paid for all my years in college. It would have cost me a small fortune_comma_ so I am forever thankful to them! How nice of them. My oldest is paying her own way. I wish I was in a situation that I could help her more. Yeah_comma_ I felt really lucky not having to get student loans! I'm sure it was a huge relief not having to worry about loans. I'm still dealing with mine and I graduated in 2008.,108,education,3,family,2,1,False,,,
empathetic_hit:10677_conv:21354,Situation: I visited my college campus today and memories came flooding back. I miss it. Conversation: I visited my college campus today and memories came flooding back. I miss it. It was so great. We all just wanted to learn.,empathetic_dialogues,validation,nostalgic,Situation: I visited my college campus today and memories came flooding back. I miss it. Conversation: I visited my college campus today and memories came flooding back. I miss it. It was so great. We all just wanted to learn.,40,education,4,career_and_work,0,4,False,,,
empathetic_hit:1123_conv:2247,Situation: I had a huge exam that counted for half of my semester grade. I was worried about it_comma_ but I studied every day for two week. I read extra materials and re-watched lectures. I felt very good about things when I sat down to take it. Conversation: I recently had a giant exam that counted for half of my semester grade. I was really nervous over it. I bet! Please tell me you passed it! I did! I studied for weeks and re-watched lectures. I felt really good when I walked into the classroom to take it. wow_comma_ you must be so proud of yourself! Good job!,empathetic_dialogues,train,prepared,Situation: I had a huge exam that counted for half of my semester grade. I was worried about it_comma_ but I studied every day for two week. I read extra materials and re-watched lectures. I felt very good about things when I sat down to take it. Conversation: I recently had a giant exam that counted for half of my semester grade. I was really nervous over it. I bet! Please tell me you passed it! I did! I studied for weeks and re-watched lectures. I felt really good when I walked into the classroom to take it. wow_comma_ you must be so proud of yourself! Good job!,108,education,4,stress_and_anxiety,2,2,False,,,
empathetic_hit:9044_conv:18088,Situation: I have a test coming up. I'm going to crush it. Conversation: I have a test coming up and I'm feeling pretty good about it. Nice did you prepare well for it Yup I'm going to crush it! Awesome good luck,empathetic_dialogues,train,confident,Situation: I have a test coming up. I'm going to crush it. Conversation: I have a test coming up and I'm feeling pretty good about it. Nice did you prepare well for it Yup I'm going to crush it! Awesome good luck,42,education,2,career_and_work,0,2,False,,,
empathetic_hit:6016_conv:12032,Situation: I'm anxious for school to start again_comma_ It's my senior year of college! Conversation: I'm anxious for school to start again_comma_ It's my senior year of college! That's so exciting! It's almost over! But I can understand why it'd make you anxious_comma_ too. Yeah! I can't wait for it to be over with_comma_ but I'm going to have to study hard this last year. Yeah. That last year is really important. But I'm sure you'll do great!,empathetic_dialogues,train,anxious,Situation: I'm anxious for school to start again_comma_ It's my senior year of college! Conversation: I'm anxious for school to start again_comma_ It's my senior year of college! That's so exciting! It's almost over! But I can understand why it'd make you anxious_comma_ too. Yeah! I can't wait for it to be over with_comma_ but I'm going to have to study hard this last year. Yeah. That last year is really important. But I'm sure you'll do great!,78,education,5,stress_and_anxiety,2,3,False,,,
empathetic_hit:5117_conv:10235,Situation: I am so happy my kids still love school. It makes it so easy in the morning Conversation: MY ids still love going to school. That's great! I wish mine did but they're dreading their first day back tomorrow. It so easy in the morning now. I know its not going to last though lol Maybe it will_comma_ I'll keep my fingers crossed for you! Me too,empathetic_dialogues,train,grateful,Situation: I am so happy my kids still love school. It makes it so easy in the morning Conversation: MY ids still love going to school. That's great! I wish mine did but they're dreading their first day back tomorrow. It so easy in the morning now. I know its not going to last though lol Maybe it will_comma_ I'll keep my fingers crossed for you! Me too,68,education,2,career_and_work,0,2,False,,,
empathetic_hit:7652_conv:15304,Situation: So last year was my first year teaching high school and of course I was super nervous. Then the unthinkable happened the first day. I was walking around the room talking to them about the course and I tripped and fell. Conversation: I'm a high school teacher so of course the pressure is always on to keep them on track. I definitely broke the ice on the first day. That's good. Great teachers are always needed in this world. Yeah_comma_ thanks! I love my job_comma_ but I tripped over a chair and smahed my head on a desk Oh no! Did you hurt yourself bad?,empathetic_dialogues,train,embarrassed,Situation: So last year was my first year teaching high school and of course I was super nervous. Then the unthinkable happened the first day. I was walking around the room talking to them about the course and I tripped and fell. Conversation: I'm a high school teacher so of course the pressure is always on to keep them on track. I definitely broke the ice on the first day. That's good. Great teachers are always needed in this world. Yeah_comma_ thanks! I love my job_comma_ but I tripped over a chair and smahed my head on a desk Oh no! Did you hurt yourself bad?,106,education,6,stress_and_anxiety,2,4,False,,,
empathetic_hit:10881_conv:21763,Situation: I was in charge of the turkey during our last thanksgiving. I was so proud to have the honor_comma_ but right before serving it I dropped it on the floor and the dogs got to it. Conversation: My family put me in charge of the thanksgiving turkey. Everything was going right and I was so pleased as punch to be in chage. How did it turn out? Not good. I dropped it as I was about to serve it. The family dogs got to it almost immediately. Oh no! How awful! Did your Thanksgiving improve? It did but my face was so red all night. I would be mortified!,empathetic_dialogues,train,embarrassed,Situation: I was in charge of the turkey during our last thanksgiving. I was so proud to have the honor_comma_ but right before serving it I dropped it on the floor and the dogs got to it. Conversation: My family put me in charge of the thanksgiving turkey. Everything was going right and I was so pleased as punch to be in chage. How did it turn out? Not good. I dropped it as I was about to serve it. The family dogs got to it almost immediately. Oh no! How awful! Did your Thanksgiving improve? It did but my face was so red all night. I would be mortified!,110,family,2,career_and_work,0,2,False,,,
empathetic_hit:759_conv:1518,Situation: MY dauhter is growing up too fast. She is going to leave me soon. Conversation: Do you have kids? My daughter will be 14 soon. I don't want her to grow up. None that I know of!  I feel you.. if I ever had a daughter I'd be overprotective and stressing She is so smart and outgoing. I know she is going to want to leave the state for college. Nooooo Nope lock her in the basement I think I will,empathetic_dialogues,train,sad,Situation: MY dauhter is growing up too fast. She is going to leave me soon. Conversation: Do you have kids? My daughter will be 14 soon. I don't want her to grow up. None that I know of! I feel you.. if I ever had a daughter I'd be overprotective and stressing She is so smart and outgoing. I know she is going to want to leave the state for college. Nooooo Nope lock her in the basement I think I will,82,family,2,education,1,1,False,,,
empathetic_hit:9474_conv:18949,Situation: My cousin recently sent me a video she'd taken with her phone_comma_ It was a tour of my home village. What I saw horrified me and made me sick - they've built all manner of hideous buildings in really prominent places! Conversation: My cousin recently sent me a video from her phone of my home village. What I saw made me mad and sad! In the North of Scotland. It used to be a quiet little place_comma_ and now there are hideous buildings in really prominent places! Me to. I was even considering moving back there some day_comma_ but not after seeing the mess the planners have made of it. Yes. I've been here for about 20 years now and love it. But there's something about where I grew up which pulls (or rather pulled) me back.,empathetic_dialogues,test,disgusted,Situation: My cousin recently sent me a video she'd taken with her phone_comma_ It was a tour of my home village. What I saw horrified me and made me sick - they've built all manner of hideous buildings in really prominent places! Conversation: My cousin recently sent me a video from her phone of my home village. What I saw made me mad and sad! In the North of Scotland. It used to be a quiet little place_comma_ and now there are hideous buildings in really prominent places! Me to. I was even considering moving back there some day_comma_ but not after seeing the mess the planners have made of it. Yes. I've been here for about 20 years now and love it. But there's something about where I grew up which pulls (or rather pulled) me back.,138,family,2,health_and_wellness,1,1,False,,,
empathetic_hit:3049_conv:6099,Situation: I am so excited to spend each day with the kids during the summer Conversation: I  am so excited to spend each day with the kids during the summer That is nice. Are you planning activities to do with them? Yes there is apparently a lot of free family activities locally That is great,empathetic_dialogues,train,joyful,Situation: I am so excited to spend each day with the kids during the summer Conversation: I am so excited to spend each day with the kids during the summer That is nice. Are you planning activities to do with them? Yes there is apparently a lot of free family activities locally That is great,55,family,1,career_and_work,0,1,False,,,
empathetic_hit:1528_conv:3056,Situation: My father is visiting me! Conversation: My father dropped in unexpectedly_comma_ I hadn't seen him in 3 years! That's awesome! Did you guys do anything? We went to my favorite cafe! Nice! I hope you guys did a lot of catching up!,empathetic_dialogues,train,surprised,Situation: My father is visiting me! Conversation: My father dropped in unexpectedly_comma_ I hadn't seen him in 3 years! That's awesome! Did you guys do anything? We went to my favorite cafe! Nice! I hope you guys did a lot of catching up!,43,family,2,career_and_work,0,2,False,,,
empathetic_hit:5088_conv:10176,Situation: I had to spank my two-year-old niece today. He wasn't listening and kept doing the same mistake over and over_comma_ defying me. I don't like to be physical_comma_ and I'm sure others would look down on it_comma_ but I didn't feel like I had a choice. Conversation: I had to spank my two-year-old niece today. He wasn't listening and kept doing the same mistake over and over_comma_ defying me. I don't like to be physical_comma_ and I'm sure others would look down on it_comma_ but I didn't feel like I had a choice. I think the right amount of spanking is OK.  I was spanked as a child and know I deserved it.  Hopefully you didn't take it to far though! Yeah_comma_ I didn't. I try to use it sparingly so that it has more meaning. But he's not even my own child_comma_ so it felt wrong in a way. And I also felt like I failed because I couldn't get through to him without doing it. Don't beat yourself up too much.  Spare the rod_comma_ spoil the child.  Your guilt seems to be from what other people might think.  You know if it was necessary or not.,empathetic_dialogues,train,ashamed,Situation: I had to spank my two-year-old niece today. He wasn't listening and kept doing the same mistake over and over_comma_ defying me. I don't like to be physical_comma_ and I'm sure others would look down on it_comma_ but I didn't feel like I had a choice. Conversation: I had to spank my two-year-old niece today. He wasn't listening and kept doing the same mistake over and over_comma_ defying me. I don't like to be physical_comma_ and I'm sure others would look down on it_comma_ but I didn't feel like I had a choice. I think the right amount of spanking is OK. I was spanked as a child and know I deserved it. Hopefully you didn't take it to far though! Yeah_comma_ I didn't. I try to use it sparingly so that it has more meaning. But he's not even my own child_comma_ so it felt wrong in a way. And I also felt like I failed because I couldn't get through to him without doing it. Don't beat yourself up too much. Spare the rod_comma_ spoil the child. Your guilt seems to be from what other people might think. You know if it was necessary or not.,199,family,2,self_confidence,1,1,False,,,
empathetic_hit:7245_conv:14491,Situation: I miss when my daughter was a baby_comma_ I wish I could go back in time. Conversation: I miss when my daughter was a baby_comma_ I wish I could go back in time How old is she now? why do you miss her baby stage? Shes 5 now. It was much easier I see_comma_ she is probably all rambunctious now.,empathetic_dialogues,train,nostalgic,Situation: I miss when my daughter was a baby_comma_ I wish I could go back in time. Conversation: I miss when my daughter was a baby_comma_ I wish I could go back in time How old is she now? why do you miss her baby stage? Shes 5 now. It was much easier I see_comma_ she is probably all rambunctious now.,61,family,2,career_and_work,0,2,False,,,
empathetic_hit:10461_conv:20923,Situation: I just bought my first house. It is a quaint little house_comma_ but I am so happy here. Conversation: My house is perfect for my family. Just big enough for everyone. I love it. That's awesome! I close on my first house Monday! How exciting! I love being a homeowner! I think I will too!,empathetic_dialogues,train,content,Situation: I just bought my first house. It is a quaint little house_comma_ but I am so happy here. Conversation: My house is perfect for my family. Just big enough for everyone. I love it. That's awesome! I close on my first house Monday! How exciting! I love being a homeowner! I think I will too!,56,family,1,career_and_work,0,1,False,,,
empathetic_hit:3408_conv:6817,Situation: I was surprised when my dad got my a trampoline as a kid. I was not expecting it Conversation: I was surprised when my dad got my a trampoline as a kid. I was not expecting it so good Yeah it was a fun time good i dint get as a kid,empathetic_dialogues,train,surprised,Situation: I was surprised when my dad got my a trampoline as a kid. I was not expecting it Conversation: I was surprised when my dad got my a trampoline as a kid. I was not expecting it so good Yeah it was a fun time good i dint get as a kid,53,family,2,career_and_work,0,2,False,,,
empathetic_hit:9031_conv:18063,Situation: We found old pictures of grandparents while cleaning out my house.  It was crazy seeing them so young. Conversation: We were cleaning out my parents house the other day and found some pretty cool stuff brought back some old memories? Yea_comma_ some pictures of my grandparents.  It was amazing to see them so young thats nice,empathetic_dialogues,train,sentimental,Situation: We found old pictures of grandparents while cleaning out my house. It was crazy seeing them so young. Conversation: We were cleaning out my parents house the other day and found some pretty cool stuff brought back some old memories? Yea_comma_ some pictures of my grandparents. It was amazing to see them so young thats nice,57,family,1,career_and_work,0,1,False,,,
empathetic_hit:5382_conv:10765,Situation: When my son broke my favorite lamp. I though I was going to hit him Conversation: One day my son broke my facorite lamp Oh no. I bet he felt really bad about it. He did and thought I was going to hit him Is it repairable at all?,empathetic_dialogues,train,angry,Situation: When my son broke my favorite lamp. I though I was going to hit him Conversation: One day my son broke my facorite lamp Oh no. I bet he felt really bad about it. He did and thought I was going to hit him Is it repairable at all?,50,family,2,career_and_work,0,2,False,,,
empathetic_hit:3723_conv:7447,Situation: I visit my grandmother at the seniors home every weekend. She's getting old so I like to spend as much time with her as possible. Conversation: I try and visit my grandmother every weekend. She's getting old and I'm not sure how much time she has left. Thats so nice of you!  I wish I had a grandmother. She is very happy when I visit. I want her to be happy all the time! So nice of you.  You are truly blessed to have family.,empathetic_dialogues,train,caring,Situation: I visit my grandmother at the seniors home every weekend. She's getting old so I like to spend as much time with her as possible. Conversation: I try and visit my grandmother every weekend. She's getting old and I'm not sure how much time she has left. Thats so nice of you! I wish I had a grandmother. She is very happy when I visit. I want her to be happy all the time! So nice of you. You are truly blessed to have family.,86,family,4,daily_life,2,2,False,,,
empathetic_hit:1103_conv:2207,Situation: The day that I found out that I was having a little girl really had me having all kinds of emotions. Having someone that would be a miniature me really had me in my feelings I went into the ultrasound room and it took about 15 minutes because she was not trying to cooperate that day but she finally calmed down and they were able to tell what she was and I got very teary eyed after finding out that information. Conversation: The day that I found out I was having my daughter really made me very sentimental has she been born yet? Yes just turned 5 in June wonderful_comma_ congrats Thank you kind of surreal having a mini version of yourself and she really does act like me,empathetic_dialogues,train,sentimental,Situation: The day that I found out that I was having a little girl really had me having all kinds of emotions. Having someone that would be a miniature me really had me in my feelings I went into the ultrasound room and it took about 15 minutes because she was not trying to cooperate that day but she finally calmed down and they were able to tell what she was and I got very teary eyed after finding out that information. Conversation: The day that I found out I was having my daughter really made me very sentimental has she been born yet? Yes just turned 5 in June wonderful_comma_ congrats Thank you kind of surreal having a mini version of yourself and she really does act like me,130,family,1,career_and_work,0,1,False,,,
empathetic_hit:529_conv:1058,Situation: i was disappointed when my son brought home his first F Conversation: my son brought home his first F today. yea he is a smart kid I just think he has been playing too much fortnite.,empathetic_dialogues,validation,disappointed,Situation: i was disappointed when my son brought home his first F Conversation: my son brought home his first F today. yea he is a smart kid I just think he has been playing too much fortnite.,37,family,2,career_and_work,0,2,False,,,
empathetic_hit:1263_conv:2527,Situation: I sure am glad I have the mother that I do. She's so patient and forgiving_comma_ and kind and caring. She's helped me become the good person that I am today. Conversation: I sure am glad I have the mother that I do. She's so patient and forgiving_comma_ and kind and caring. She's helped me become the good person that I am today It is wonderful to have a good parent.  They really do shape their children for better or worse.  I'm so glad you have a great mother! I know.. It's sad that we can't choose our parents sometimes_comma_ as some of us don't get the greatest ones. But when you do end up having a great parent_comma_ and it was just fate_comma_ without you choosing_comma_ it makes you feel so grateful. I know exactly how you feel.  I have great parents as well and it makes me want to be the same kind of parent for my kids!,empathetic_dialogues,train,grateful,Situation: I sure am glad I have the mother that I do. She's so patient and forgiving_comma_ and kind and caring. She's helped me become the good person that I am today. Conversation: I sure am glad I have the mother that I do. She's so patient and forgiving_comma_ and kind and caring. She's helped me become the good person that I am today It is wonderful to have a good parent. They really do shape their children for better or worse. I'm so glad you have a great mother! I know.. It's sad that we can't choose our parents sometimes_comma_ as some of us don't get the greatest ones. But when you do end up having a great parent_comma_ and it was just fate_comma_ without you choosing_comma_ it makes you feel so grateful. I know exactly how you feel. I have great parents as well and it makes me want to be the same kind of parent for my kids!,161,family,8,career_and_work,0,8,False,,,
empathetic_hit:3499_conv:6999,Situation: Whenever I go to family get together_comma_ I always feel extremely anxious and out of place Conversation: Anytime I have a family get together coming up_comma_ like during the holidays_comma_ I get super anxious and worry non-stop about it Same here.  Is it because of needed prepartations or because of family drama? Yeah for the most part_comma_ I enjoy one side of my family_comma_ but other side_comma_ I could care less for.  Lots of drama and subtle remarks. Drama is never good.  I usually don't re-invite people who bring it with them.,empathetic_dialogues,train,anxious,Situation: Whenever I go to family get together_comma_ I always feel extremely anxious and out of place Conversation: Anytime I have a family get together coming up_comma_ like during the holidays_comma_ I get super anxious and worry non-stop about it Same here. Is it because of needed prepartations or because of family drama? Yeah for the most part_comma_ I enjoy one side of my family_comma_ but other side_comma_ I could care less for. Lots of drama and subtle remarks. Drama is never good. I usually don't re-invite people who bring it with them.,93,family,3,stress_and_anxiety,3,0,True,,,
empathetic_hit:944_conv:1889,Situation: My sister had a miscarriage Conversation: My sister had a miscarriage :( Oh no. I'm so sorry. Yeah_comma_ it sucks.  They've been trying for years. I hope time will heal_comma_ and they don't lose hope. I think they're going to try one more time... we'll see.,empathetic_dialogues,train,sad,Situation: My sister had a miscarriage Conversation: My sister had a miscarriage :( Oh no. I'm so sorry. Yeah_comma_ it sucks. They've been trying for years. I hope time will heal_comma_ and they don't lose hope. I think they're going to try one more time... we'll see.,47,family,2,career_and_work,0,2,False,,,
empathetic_hit:4158_conv:8316,Situation: I am appreciative of my family_comma_ although sometimes they really get on my last nerve Conversation: I am appreciative of my family_comma_ although sometimes they really get on my last nerve I know how you feel. That's everyone' family. I suppose so_comma_  feel like most people have a decent family_comma_ but for the most part I like mine a lot Me too.  There are only a couple of people I don't really like and I never have to see them because they live far away.,empathetic_dialogues,train,grateful,Situation: I am appreciative of my family_comma_ although sometimes they really get on my last nerve Conversation: I am appreciative of my family_comma_ although sometimes they really get on my last nerve I know how you feel. That's everyone' family. I suppose so_comma_ feel like most people have a decent family_comma_ but for the most part I like mine a lot Me too. There are only a couple of people I don't really like and I never have to see them because they live far away.,86,family,1,career_and_work,0,1,False,,,
empathetic_hit:2177_conv:4355,Situation: I was so mad when my cousin skipped my moms funeral. He lied to me Conversation: I was mad when my cousin did not come to my moms funeral. He lied to me about it What was his excuse? He was sick. He went to a party instead Ouch that's pretty bad.  Did he apologize?,empathetic_dialogues,train,furious,Situation: I was so mad when my cousin skipped my moms funeral. He lied to me Conversation: I was mad when my cousin did not come to my moms funeral. He lied to me about it What was his excuse? He was sick. He went to a party instead Ouch that's pretty bad. Did he apologize?,56,family,2,grief_and_loss,2,0,True,,,
empathetic_hit:5708_conv:11417,Situation: I woke up last night and my son was peeing  in my floor! Conversation: Last night I woke to my son peeing in my bedroom floor! that is not a good thing to wake up to hahah He is only 3. But I hope he never does it again. I was prett mad yeah i can relate to your anger i have kids myself and have expiriencee similar situation but after you will remmeber and laugh together That is true,empathetic_dialogues,train,furious,Situation: I woke up last night and my son was peeing in my floor! Conversation: Last night I woke to my son peeing in my bedroom floor! that is not a good thing to wake up to hahah He is only 3. But I hope he never does it again. I was prett mad yeah i can relate to your anger i have kids myself and have expiriencee similar situation but after you will remmeber and laugh together That is true,81,family,2,career_and_work,0,2,False,,,
empathetic_hit:2243_conv:4486,Situation: I hate it when you have to wait for the results of creating a new bank account. The waiting is killing me! Conversation: I hate it when you have to wait for the results of creating a new bank account. The waiting is killing me! Waiting always kills me! How much longer do you have to wait? No idea_comma_ I'm checking my email everyday waiting for the results. I am sending you good vibes and luck!,empathetic_dialogues,train,anticipating,Situation: I hate it when you have to wait for the results of creating a new bank account. The waiting is killing me! Conversation: I hate it when you have to wait for the results of creating a new bank account. The waiting is killing me! Waiting always kills me! How much longer do you have to wait? No idea_comma_ I'm checking my email everyday waiting for the results. I am sending you good vibes and luck!,77,financial_concerns,2,career_and_work,0,2,False,,,
empathetic_hit:4147_conv:8294,Situation: Hopeful that this year will be my best year yet. Conversation: I really think this year is going to end great_comma_ and be one for the record books. how so ? moneywise ? Moneywise yes for sure_comma_ but also just in general being happy. I guess money is happiness right now for me. i hear that,empathetic_dialogues,train,hopeful,Situation: Hopeful that this year will be my best year yet. Conversation: I really think this year is going to end great_comma_ and be one for the record books. how so ? moneywise ? Moneywise yes for sure_comma_ but also just in general being happy. I guess money is happiness right now for me. i hear that,57,financial_concerns,1,career_and_work,0,1,False,,,
empathetic_hit:10470_conv:20941,Situation: I had to tell a friend recently that I could not go out to dinner and a movie with them because I didn't have enough money. Conversation: It wasn't easy recently when I told a friend I needed to stay home from going out for food and some entertainment because it wasn't something I could afford. I am sorry to hear that. I hope your financial situation improves in the future. I do_comma_ too! Though_comma_ when you are caretaking for a parent_comma_ I realize it will be a very long time before that happens. I believe that you will be in a better situation soon.,empathetic_dialogues,train,ashamed,Situation: I had to tell a friend recently that I could not go out to dinner and a movie with them because I didn't have enough money. Conversation: It wasn't easy recently when I told a friend I needed to stay home from going out for food and some entertainment because it wasn't something I could afford. I am sorry to hear that. I hope your financial situation improves in the future. I do_comma_ too! Though_comma_ when you are caretaking for a parent_comma_ I realize it will be a very long time before that happens. I believe that you will be in a better situation soon.,106,financial_concerns,3,relationships,2,1,False,,,
empathetic_hit:3937_conv:7875,Situation: I was so mad when I forgot to pay my credit card. I felt dumb Conversation: I was mad when I missed my credit card bill. I felt dumb Oh no! I've done that before.  Did you call them and ask for a grace period so you didn't build fines?  We all make mistakes like that so don't beat yourself up. I did_comma_ I still felt bad though Those kinds of things are part of life and its better for our minds if we let them go and move on or see the humor in it.  I hope it didn't hurt your standing with the company.  You just reminded me to pay my internet bill! thanks!,empathetic_dialogues,train,angry,Situation: I was so mad when I forgot to pay my credit card. I felt dumb Conversation: I was mad when I missed my credit card bill. I felt dumb Oh no! I've done that before. Did you call them and ask for a grace period so you didn't build fines? We all make mistakes like that so don't beat yourself up. I did_comma_ I still felt bad though Those kinds of things are part of life and its better for our minds if we let them go and move on or see the humor in it. I hope it didn't hurt your standing with the company. You just reminded me to pay my internet bill! thanks!,117,financial_concerns,4,career_and_work,1,3,False,,,
empathetic_hit:6109_conv:12218,Situation: I saw someone on tv today during lunch that talked about money. He was pretty good Conversation: I saw someone on tv today that was pretty good. He was talking about saving money Oh yeah? Did you get any good tips from him? It just made me want to do better That's inspirational at least. I'm sure we can all do better at saving.,empathetic_dialogues,train,impressed,Situation: I saw someone on tv today during lunch that talked about money. He was pretty good Conversation: I saw someone on tv today that was pretty good. He was talking about saving money Oh yeah? Did you get any good tips from him? It just made me want to do better That's inspirational at least. I'm sure we can all do better at saving.,65,financial_concerns,2,career_and_work,0,2,False,,,
empathetic_hit:8915_conv:17831,Situation: i just spend 470$ to fix my car and it's broken again Conversation: I just spent so much money on my car and now a week later something else broke. That's terrible.. There's nothing more frustrating and deflating in life than unexpected expenses. I hope you're able to cover all of it. I know if I had one right now_comma_ I might not be able to manage it. I honestly don't know where to get money to fix it_comma_ i'll probably try to fix it by myself I hope you can. If you think there's even a chance_comma_ then give it a shot_comma_ if it will save you that much money. My brother watches Youtube videos all the time of how to fix random things_comma_ and it seems to work for him. If you're the type of person that can learn that way_comma_ and if you have the patience_comma_ then I think it's a good thing to try.,empathetic_dialogues,train,disappointed,Situation: i just spend 470$ to fix my car and it's broken again Conversation: I just spent so much money on my car and now a week later something else broke. That's terrible.. There's nothing more frustrating and deflating in life than unexpected expenses. I hope you're able to cover all of it. I know if I had one right now_comma_ I might not be able to manage it. I honestly don't know where to get money to fix it_comma_ i'll probably try to fix it by myself I hope you can. If you think there's even a chance_comma_ then give it a shot_comma_ if it will save you that much money. My brother watches Youtube videos all the time of how to fix random things_comma_ and it seems to work for him. If you're the type of person that can learn that way_comma_ and if you have the patience_comma_ then I think it's a good thing to try.,159,financial_concerns,3,daily_life,2,1,False,,,
empathetic_hit:3053_conv:6107,Situation: Someone found my wallet and returned to the customer service at the supermarket. All my money was still there. Conversation: Someone found my wallet and returned to the customer service at the supermarket. All my money was still there. That is a very nice person. You are lucky. I've only ever lost my wallet this one time_comma_ and I definitely got luckly. I lost my wallet once but didn't find money in it when it was returned to me.,empathetic_dialogues,train,grateful,Situation: Someone found my wallet and returned to the customer service at the supermarket. All my money was still there. Conversation: Someone found my wallet and returned to the customer service at the supermarket. All my money was still there. That is a very nice person. You are lucky. I've only ever lost my wallet this one time_comma_ and I definitely got luckly. I lost my wallet once but didn't find money in it when it was returned to me.,80,financial_concerns,3,grief_and_loss,2,1,False,,,
empathetic_hit:9211_conv:18423,Situation: My dog pooped on the rug today. I was so mad! Conversation: Mr dog pooped on the rug today. Thats gross. Did you punish the dog at all I did indeed! I put her outside for doing such a dastardly deed. I was so angry. Poor dog_comma_ I hope she learns from it,empathetic_dialogues,train,furious,Situation: My dog pooped on the rug today. I was so mad! Conversation: Mr dog pooped on the rug today. Thats gross. Did you punish the dog at all I did indeed! I put her outside for doing such a dastardly deed. I was so angry. Poor dog_comma_ I hope she learns from it,54,financial_concerns,1,career_and_work,0,1,False,,,
empathetic_hit:6055_conv:12111,Situation: I can't get my money under control and I am angry with mysef. Conversation: I can't get my money under control and I am so angry with myself. Do you have a lot of debt?  I'm sure you will figure it out and get back on your feet. I do and it's weighing on me so much. I have a lot of student loan debt as well_comma_ I just focus on making sure I pay monthly.  I try not to think of how much I owe,empathetic_dialogues,train,furious,Situation: I can't get my money under control and I am angry with mysef. Conversation: I can't get my money under control and I am so angry with myself. Do you have a lot of debt? I'm sure you will figure it out and get back on your feet. I do and it's weighing on me so much. I have a lot of student loan debt as well_comma_ I just focus on making sure I pay monthly. I try not to think of how much I owe,87,financial_concerns,5,education,1,4,False,,,
empathetic_hit:5452_conv:10904,Situation: I waited on hold for 20 minutes to talk to someone about the bill I got and then the phone hung up on my.  Its quite aggravating Conversation: Im so aggravated.  I think im going to cancel my cable service /oh no_comma_ what happened_comma_ whats the problem with the provider I got a larger than expected bill for my cable this month. so I called them to see what was up and I had to wait on hold for 20 minutes.  After that_comma_ the system just hung up on me. Bad customer service. You should definitely switch,empathetic_dialogues,train,annoyed,Situation: I waited on hold for 20 minutes to talk to someone about the bill I got and then the phone hung up on my. Its quite aggravating Conversation: Im so aggravated. I think im going to cancel my cable service /oh no_comma_ what happened_comma_ whats the problem with the provider I got a larger than expected bill for my cable this month. so I called them to see what was up and I had to wait on hold for 20 minutes. After that_comma_ the system just hung up on me. Bad customer service. You should definitely switch,98,financial_concerns,2,career_and_work,0,2,False,,,
empathetic_hit:8662_conv:17324,Situation: I was in a huge hurry and needed to get through the checkout. If I didn't get through I couldn't make it to the bank before it closed. Conversation: Someone let me cut in line at the store so I could check out faster. Yeah_comma_ I was in a huge hurry and didn't have much but I really needed to make it to the bank before it closed.,empathetic_dialogues,test,grateful,Situation: I was in a huge hurry and needed to get through the checkout. If I didn't get through I couldn't make it to the bank before it closed. Conversation: Someone let me cut in line at the store so I could check out faster. Yeah_comma_ I was in a huge hurry and didn't have much but I really needed to make it to the bank before it closed.,69,financial_concerns,2,daily_life,1,1,False,,,
empathetic_hit:11941_conv:23883,"Situation: I paid off all my bills. Its such a great feeling. Conversation: I paid off all my bills. Its such a great feeling."" that's fantastic! It certainly is a great feeling_comma_ financial freedom! I want to try and save and travel. That's so great! I really want to take a trip to Africa. Hope I make it.",empathetic_dialogues,train,content,"Situation: I paid off all my bills. Its such a great feeling. Conversation: I paid off all my bills. Its such a great feeling."" that's fantastic! It certainly is a great feeling_comma_ financial freedom! I want to try and save and travel. That's so great! I really want to take a trip to Africa. Hope I make it.",58,financial_concerns,3,daily_life,2,1,False,,,
empathetic_hit:6677_conv:13354,Situation: I'm afraid I won't be able to afford my car payment this month.  Might have to borrow money. Conversation: I'm afraid I won't be able to afford my car payment this month. Oh no! Can you do some gig economy work online to try to make enough? That's what I'm trying to do_comma_ I might have to take out a payday loan which I don't want to do! Woah that's awful_comma_ those things are such a rip off!,empathetic_dialogues,train,afraid,Situation: I'm afraid I won't be able to afford my car payment this month. Might have to borrow money. Conversation: I'm afraid I won't be able to afford my car payment this month. Oh no! Can you do some gig economy work online to try to make enough? That's what I'm trying to do_comma_ I might have to take out a payday loan which I don't want to do! Woah that's awful_comma_ those things are such a rip off!,79,financial_concerns,6,stress_and_anxiety,2,4,False,,,
empathetic_hit:10874_conv:21748,Situation: I was ready when It was time to buy a house I made sure my credit was in order and that I had money for a down payment Conversation: When I bought my house I made sure I had everything all ready including my down payment no it took 2 weeks to close and no issues came up,empathetic_dialogues,validation,prepared,Situation: I was ready when It was time to buy a house I made sure my credit was in order and that I had money for a down payment Conversation: When I bought my house I made sure I had everything all ready including my down payment no it took 2 weeks to close and no issues came up,59,financial_concerns,3,career_and_work,0,3,False,,,
empathetic_hit:7714_conv:15428,Situation: I dont want to sell my old Cadillac. Conversation: I really dont want to sell my old Cadillac. But I need the money. That sucks. I hope you won't be out of transportation Yea I will get a cheaper car. It just that I am so sentimentally attached to the Cadillac. I bet! They're really cool cars with personality,empathetic_dialogues,train,sentimental,Situation: I dont want to sell my old Cadillac. Conversation: I really dont want to sell my old Cadillac. But I need the money. That sucks. I hope you won't be out of transportation Yea I will get a cheaper car. It just that I am so sentimentally attached to the Cadillac. I bet! They're really cool cars with personality,60,financial_concerns,1,daily_life,1,0,True,,,
empathetic_hit:5066_conv:10132,Situation: MY electric bill was twice as high this month. I have no idea what happened Conversation: MY light bill was doubled last month. Oh no that's horrible. Any idea why? I have no idea we went out of town twice. I am so mad That's so strange. I'd give the power company a call and see if there wasn't a mistake. I am tomorrow. I think the guy didnt even read my meter,empathetic_dialogues,train,furious,Situation: MY electric bill was twice as high this month. I have no idea what happened Conversation: MY light bill was doubled last month. Oh no that's horrible. Any idea why? I have no idea we went out of town twice. I am so mad That's so strange. I'd give the power company a call and see if there wasn't a mistake. I am tomorrow. I think the guy didnt even read my meter,74,financial_concerns,2,career_and_work,1,1,False,,,
empathetic_hit:5517_conv:11035,Situation: I'm trying to be more careful with my money these days. Conversation: I'm focusing on being more financially wise these days. That is smart_comma_ money is tight these days Yes_comma_ it is and I'm trying to stay afloat by not making mistakes. That can be tough to do_comma_ but will pay off in the long run!,empathetic_dialogues,train,apprehensive,Situation: I'm trying to be more careful with my money these days. Conversation: I'm focusing on being more financially wise these days. That is smart_comma_ money is tight these days Yes_comma_ it is and I'm trying to stay afloat by not making mistakes. That can be tough to do_comma_ but will pay off in the long run!,57,financial_concerns,2,career_and_work,0,2,False,,,
empathetic_hit:5379_conv:10758,Situation: I was in line paying for groceries when I found out I was $4 short. Someone behind me volunteered to pay the rest for me. Conversation: I had a very nice stranger do something for me today at the grocery store. Oh really? What did they do? I was $4 short on my grocery bill and they stepped in and paid for it. I was very thankful! Wow! That was really nice of them.,empathetic_dialogues,train,grateful,Situation: I was in line paying for groceries when I found out I was $4 short. Someone behind me volunteered to pay the rest for me. Conversation: I had a very nice stranger do something for me today at the grocery store. Oh really? What did they do? I was $4 short on my grocery bill and they stepped in and paid for it. I was very thankful! Wow! That was really nice of them.,75,financial_concerns,1,daily_life,1,0,True,,,
empathetic_hit:8989_conv:17979,Situation: I'm pretty optimistic about my future Conversation: I'm feeling very positive about my future lately.  Big money opportunities everywhere kaching kaching bling bling burrr Awesome.  Sounds like you are defintely on top of the world today! Thanks.  But I always am What kind of money we talking?  Lottery money?,empathetic_dialogues,train,hopeful,Situation: I'm pretty optimistic about my future Conversation: I'm feeling very positive about my future lately. Big money opportunities everywhere kaching kaching bling bling burrr Awesome. Sounds like you are defintely on top of the world today! Thanks. But I always am What kind of money we talking? Lottery money?,50,financial_concerns,3,personal_growth,2,1,False,,,
empathetic_hit:7977_conv:15954,Situation: I get so annoyed and angry when I hear of people being mean to animals. These helpless animals have no clue why people are so mean either. Conversation: I get so tired of hearing about people being mean to animals. Right_comma_ these poor animals have no clue why people are mean to them. Some people are heartless.,empathetic_dialogues,test,disappointed,Situation: I get so annoyed and angry when I hear of people being mean to animals. These helpless animals have no clue why people are so mean either. Conversation: I get so tired of hearing about people being mean to animals. Right_comma_ these poor animals have no clue why people are mean to them. Some people are heartless.,58,financial_concerns,1,career_and_work,0,1,False,,,
empathetic_hit:3263_conv:6526,Situation: I haven't played my flute in years. Picked it up the other day_comma_ and I was still able to play my favorite songs. Conversation: I haven't played my flute in years. Picked it up the other day_comma_ and I was still able to play my favorite songs. That is cool.  When did you learn? When I was around 8 years old. That is awesome,empathetic_dialogues,train,nostalgic,Situation: I haven't played my flute in years. Picked it up the other day_comma_ and I was still able to play my favorite songs. Conversation: I haven't played my flute in years. Picked it up the other day_comma_ and I was still able to play my favorite songs. That is cool. When did you learn? When I was around 8 years old. That is awesome,65,general_support,0,,0,0,True,,,
empathetic_hit:2837_conv:5675,Situation: I am mad at trump Conversation: I am so piss-of at Trump right now Oh wow_comma_ what aspect of his presidency is bothering you? The whole collusion with Russia and the fact that he keeps underminding the FBI I can understand why that upsets you. Are you a Hillary Clinton supporter?,empathetic_dialogues,train,disappointed,Situation: I am mad at trump Conversation: I am so piss-of at Trump right now Oh wow_comma_ what aspect of his presidency is bothering you? The whole collusion with Russia and the fact that he keeps underminding the FBI I can understand why that upsets you. Are you a Hillary Clinton supporter?,52,general_support,0,,0,0,True,,,
empathetic_hit:8925_conv:17851,Situation: I was cleaning up my garden and found a bunch of old bones in it! Conversation: I was cleaning up my garden bed when I found a bunch of bones in it! I called the cops! Turns out that it's bird bones! My cat has been killing bird after bird and leaving it in my garden!,empathetic_dialogues,test,disgusted,Situation: I was cleaning up my garden and found a bunch of old bones in it! Conversation: I was cleaning up my garden bed when I found a bunch of bones in it! I called the cops! Turns out that it's bird bones! My cat has been killing bird after bird and leaving it in my garden!,57,general_support,0,,0,0,True,,,
empathetic_hit:3468_conv:6936,Situation: I really envy people who can sing. I feel like they are blessed Conversation: I really envy people who can sing Yeah.. i did. i never got the chance to pursue that,empathetic_dialogues,test,jealous,Situation: I really envy people who can sing. I feel like they are blessed Conversation: I really envy people who can sing Yeah.. i did. i never got the chance to pursue that,33,general_support,0,,0,0,True,,,
empathetic_hit:10392_conv:20784,Situation: I entered a raffle to win these amazing homemade things. I really wanted this big beautiful quilt. It was so pretty. Conversation: I entered a raffle to win these amazing homemade things. I really wanted this big beautiful quilt. It was so pretty. and what were the results? did you win? I did! I won the quilt! that's some good news!,empathetic_dialogues,train,hopeful,Situation: I entered a raffle to win these amazing homemade things. I really wanted this big beautiful quilt. It was so pretty. Conversation: I entered a raffle to win these amazing homemade things. I really wanted this big beautiful quilt. It was so pretty. and what were the results? did you win? I did! I won the quilt! that's some good news!,62,general_support,0,,0,0,True,,,
empathetic_hit:3537_conv:7075,Situation: I was so awestruck to see Hamilton. It was such an awesome show Conversation: i was so in awe when i saw hamilton It was really awesome dude_comma_ the full show covers it all up,empathetic_dialogues,test,impressed,Situation: I was so awestruck to see Hamilton. It was such an awesome show Conversation: i was so in awe when i saw hamilton It was really awesome dude_comma_ the full show covers it all up,36,general_support,0,,0,0,True,,,
empathetic_hit:7716_conv:15433,Situation: i hurt my elbow a month or so ago.  I thought it was on the way back to being better_comma_ but then yesterday I tweaked it again. Conversation: I hurt my elbow a little over a month ago_comma_ but I thought it was almost back to being 100% again. Glad to hear you're feeling better again.  How did you hurt it? Just exercising_comma_ but I tweaked it again last night and now it's hurting again. That sucks.  Maybe you need to be a bit more careful until its fully healed.,empathetic_dialogues,train,annoyed,Situation: i hurt my elbow a month or so ago. I thought it was on the way back to being better_comma_ but then yesterday I tweaked it again. Conversation: I hurt my elbow a little over a month ago_comma_ but I thought it was almost back to being 100% again. Glad to hear you're feeling better again. How did you hurt it? Just exercising_comma_ but I tweaked it again last night and now it's hurting again. That sucks. Maybe you need to be a bit more careful until its fully healed.,91,general_support,0,,0,0,True,,,
empathetic_hit:5303_conv:10606,Situation: My neighbor's dogs started barking early this morning. They woke me up_comma_ which I'm not happy about. Conversation: Ugh_comma_ my neighbor's dogs wouldn't stop barking this morning! Well I'll tell you what I didn't do. I didn't go back to sleep_comma_ due to the noise. I think I'm going to have a word with him later.,empathetic_dialogues,validation,angry,Situation: My neighbor's dogs started barking early this morning. They woke me up_comma_ which I'm not happy about. Conversation: Ugh_comma_ my neighbor's dogs wouldn't stop barking this morning! Well I'll tell you what I didn't do. I didn't go back to sleep_comma_ due to the noise. I think I'm going to have a word with him later.,57,general_support,0,,0,0,True,,,
empathetic_hit:8741_conv:17482,Situation: going through my childrens old clothes Conversation: I went thru my childrens old clothes the other day and its hard to believe they are grown up now. Oh I understand_comma_ mine is only 2 1/2 right now but I feel that way too when going through his preemie clothes. You probably feel it much more if they are grown though. I think we probably feel it about the same! It was a nice memory to come across tho. Yes! Do you keep your favorite things of theirs? I always keep my favorite outfits of his and donate the rest!,empathetic_dialogues,train,sentimental,Situation: going through my childrens old clothes Conversation: I went thru my childrens old clothes the other day and its hard to believe they are grown up now. Oh I understand_comma_ mine is only 2 1/2 right now but I feel that way too when going through his preemie clothes. You probably feel it much more if they are grown though. I think we probably feel it about the same! It was a nice memory to come across tho. Yes! Do you keep your favorite things of theirs? I always keep my favorite outfits of his and donate the rest!,100,general_support,0,,0,0,True,,,
empathetic_hit:82_conv:164,Situation: waiting for christmas! Conversation: I cant wait to buy my christmas tree this year_comma_ lol.. funny right? ...but I am actually really excited. Do you usually get a live one ? I thought about it_comma_ but dont think I could handle one. Do you have one? Just a small fake one. Some people get really into decorating. I don't really like it.,empathetic_dialogues,train,anticipating,Situation: waiting for christmas! Conversation: I cant wait to buy my christmas tree this year_comma_ lol.. funny right? ...but I am actually really excited. Do you usually get a live one ? I thought about it_comma_ but dont think I could handle one. Do you have one? Just a small fake one. Some people get really into decorating. I don't really like it.,63,general_support,0,,0,0,True,,,
empathetic_hit:9108_conv:18217,Situation: i hope i win the lottery Conversation: i hope i win the lottery That would be awesome. What would you do with the winnings? change my name and move to hawaii hahaha have you ever been to Hawaii?,empathetic_dialogues,train,hopeful,Situation: i hope i win the lottery Conversation: i hope i win the lottery That would be awesome. What would you do with the winnings? change my name and move to hawaii hahaha have you ever been to Hawaii?,39,general_support,0,,0,0,True,,,
empathetic_hit:9059_conv:18119,Situation: I have to build a kitchen island from IKEA.  I am sure I can get it done. Conversation: I have to build a kitchen island from IKEA. I love IKEA_comma_ they have good meatballs. They certain do.  I am sure I can get it done. Hopefully you can understand the instructions.,empathetic_dialogues,train,confident,Situation: I have to build a kitchen island from IKEA. I am sure I can get it done. Conversation: I have to build a kitchen island from IKEA. I love IKEA_comma_ they have good meatballs. They certain do. I am sure I can get it done. Hopefully you can understand the instructions.,52,general_support,0,,0,0,True,,,
empathetic_hit:7109_conv:14218,Situation: I still am in disbelief ACDC is coming back. Conversation: I still am in disbelief ACDC is coming back. Are they? Damn I can't believe I didn't hear. Yes_comma_ hopefully they will tour next year. Agreed_comma_ that would be badass.,empathetic_dialogues,train,surprised,Situation: I still am in disbelief ACDC is coming back. Conversation: I still am in disbelief ACDC is coming back. Are they? Damn I can't believe I didn't hear. Yes_comma_ hopefully they will tour next year. Agreed_comma_ that would be badass.,41,general_support,0,,0,0,True,,,
empathetic_hit:1730_conv:3460,Situation: I won the science fair! Conversation: I won the science fair last year! That is fantastic.  What for? A water volcano that errupted when you looked at it too long That is awesome! It truly is!,empathetic_dialogues,train,impressed,Situation: I won the science fair! Conversation: I won the science fair last year! That is fantastic. What for? A water volcano that errupted when you looked at it too long That is awesome! It truly is!,37,general_support,0,,0,0,True,,,
empathetic_hit:9310_conv:18621,Situation: someone almost cut me off today Conversation: someone almost cut me off today That sucks_comma_ I hate when that happens! yea it does Did you return the favor at all so to speak?,empathetic_dialogues,train,annoyed,Situation: someone almost cut me off today Conversation: someone almost cut me off today That sucks_comma_ I hate when that happens! yea it does Did you return the favor at all so to speak?,34,general_support,0,,0,0,True,,,
empathetic_hit:3651_conv:7303,Situation: I have a nest of yellow jackets in my front yard Conversation: I found out yesterday that I have a nest of yellow jacket bees in my front yard. They can be so aggressive. I will be able to take control of it myself as I have done so in the past. It still makes it difficult because I can not mow the grass until it gets taken care of.,empathetic_dialogues,test,annoyed,Situation: I have a nest of yellow jackets in my front yard Conversation: I found out yesterday that I have a nest of yellow jacket bees in my front yard. They can be so aggressive. I will be able to take control of it myself as I have done so in the past. It still makes it difficult because I can not mow the grass until it gets taken care of.,71,general_support,0,,0,0,True,,,
empathetic_hit:5139_conv:10278,Situation: I'm pressed with how far technology has came in the last 10 years.  Seems like just yesterday smart phones didn't exist. Conversation: I'm impressed with how far technology has came in the last 10 years! yes technology is great Seems like just yesterday smart phones didn't exist. yea and now smart phones are everything!,empathetic_dialogues,train,impressed,Situation: I'm pressed with how far technology has came in the last 10 years. Seems like just yesterday smart phones didn't exist. Conversation: I'm impressed with how far technology has came in the last 10 years! yes technology is great Seems like just yesterday smart phones didn't exist. yea and now smart phones are everything!,55,general_support,0,,0,0,True,,,
empathetic_hit:9290_conv:18581,Situation: I ate an entire gallon tub of ice cream earlier.  I feel so guilty for my lack of self-control. Conversation: I ate an entire gallon tub of ice cream earlier. Whoa! How are you feeling from it now? I can't move.  I feel so guilty for my lack of self-control. It's okay to give in to cravings every now and then.,empathetic_dialogues,train,ashamed,Situation: I ate an entire gallon tub of ice cream earlier. I feel so guilty for my lack of self-control. Conversation: I ate an entire gallon tub of ice cream earlier. Whoa! How are you feeling from it now? I can't move. I feel so guilty for my lack of self-control. It's okay to give in to cravings every now and then.,62,general_support,0,,0,0,True,,,
empathetic_hit:10857_conv:21714,Situation: I am very certain about my girl's love for me Conversation: I am very certain about my girl's love for me That's so sweet. It's good to have that kind of faith in your relationships. yes we have been together for 5 years now Congratulations. I hope you stay happy always.,empathetic_dialogues,train,confident,Situation: I am very certain about my girl's love for me Conversation: I am very certain about my girl's love for me That's so sweet. It's good to have that kind of faith in your relationships. yes we have been together for 5 years now Congratulations. I hope you stay happy always.,52,general_support,0,,0,0,True,,,
empathetic_hit:3552_conv:7104,Situation: I cannot wait for the new super smash bros for the nintendo switch Conversation: I cannot wait for the new super smash bros for the nintendo switch I love the switch_comma_ I have been thinking about buying my own. You should_comma_ it is amazing_comma_ I play so often_comma_ the novelty of having console games anywhere does not wear off_comma_ trust me! Would you say you play it more at home or on the go? At home because I am a home body_comma_ but I play like in my bed_comma_ at the table_comma_ the bathroom_comma_ just cause I do not like being glued in one spot like a PC or PS4 makes you do,empathetic_dialogues,train,anticipating,Situation: I cannot wait for the new super smash bros for the nintendo switch Conversation: I cannot wait for the new super smash bros for the nintendo switch I love the switch_comma_ I have been thinking about buying my own. You should_comma_ it is amazing_comma_ I play so often_comma_ the novelty of having console games anywhere does not wear off_comma_ trust me! Would you say you play it more at home or on the go? At home because I am a home body_comma_ but I play like in my bed_comma_ at the table_comma_ the bathroom_comma_ just cause I do not like being glued in one spot like a PC or PS4 makes you do,114,general_support,0,,0,0,True,,,
empathetic_hit:7211_conv:14423,Situation: My old car finally died last week. Conversation: My old car finally died last week after 200_comma_000 miles. Wow_comma_ it has served you well I agree_comma_ but I am so sad now that I will have to salvage it. Yes you do that buddy,empathetic_dialogues,train,sad,Situation: My old car finally died last week. Conversation: My old car finally died last week after 200_comma_000 miles. Wow_comma_ it has served you well I agree_comma_ but I am so sad now that I will have to salvage it. Yes you do that buddy,45,grief_and_loss,2,daily_life,2,0,True,,,
empathetic_hit:2918_conv:5836,Situation: I miss Sunday dinners at my grandmothers. We would have so much fun. Conversation: I was just thinking about the Sunday dinners we use to have at my grannys. Do you not have them anymore? She passed away I'm sorry to hear that Its okay. She was very ill. Well she is in a better place.,empathetic_dialogues,train,sentimental,Situation: I miss Sunday dinners at my grandmothers. We would have so much fun. Conversation: I was just thinking about the Sunday dinners we use to have at my grannys. Do you not have them anymore? She passed away I'm sorry to hear that Its okay. She was very ill. Well she is in a better place.,57,grief_and_loss,2,health_and_wellness,1,1,False,,,
empathetic_hit:8582_conv:17165,Situation: My dog died this time last year. Conversation: My dog died this time last year Im sorry to hear that I'm glad I had the time with her that I did. Thats a good way to think about it,empathetic_dialogues,train,sad,Situation: My dog died this time last year. Conversation: My dog died this time last year Im sorry to hear that I'm glad I had the time with her that I did. Thats a good way to think about it,40,grief_and_loss,2,career_and_work,0,2,False,,,
empathetic_hit:2432_conv:4865,Situation: I snapped and lost my temper at my husband_comma_ and I felt really bad about it. Conversation: I had an argument and lost my temper. I'm sorry to hear that. We're all human_comma_ and that does happen sometimes. I guess all you can do is do your best to not say or do anything you can't take back. Is everything resolved now? Things with my spouse. Ah_comma_ an argument with your spouse? Those are always tricky. I hope you guys can work through it amicably_comma_ because that's obviously an important relationship.,empathetic_dialogues,train,guilty,Situation: I snapped and lost my temper at my husband_comma_ and I felt really bad about it. Conversation: I had an argument and lost my temper. I'm sorry to hear that. We're all human_comma_ and that does happen sometimes. I guess all you can do is do your best to not say or do anything you can't take back. Is everything resolved now? Things with my spouse. Ah_comma_ an argument with your spouse? Those are always tricky. I hope you guys can work through it amicably_comma_ because that's obviously an important relationship.,92,grief_and_loss,2,career_and_work,1,1,False,,,
empathetic_hit:8098_conv:16196,Situation: The backyard makes me miss my dog. Conversation: The backyard makes me miss my dog. where did he go She passed away 2 years ago. oh sorry to hear that,empathetic_dialogues,train,sentimental,Situation: The backyard makes me miss my dog. Conversation: The backyard makes me miss my dog. where did he go She passed away 2 years ago. oh sorry to hear that,31,grief_and_loss,2,career_and_work,0,2,False,,,
empathetic_hit:7539_conv:15078,Situation: I still can't comprehend how GOP was able to pass the Tax Cuts at a time when federal deficit is soaring above the ceilings Conversation: It is unacceptable that GOP passed massive Tax Cuts at a time when federal deficit is ballooning far beyond imagination I don't keep up with that stuff Aren't you interested in economics? The decision made at the top always impact the lives of us_comma_ ordinary people I know. I shold do better,empathetic_dialogues,train,furious,Situation: I still can't comprehend how GOP was able to pass the Tax Cuts at a time when federal deficit is soaring above the ceilings Conversation: It is unacceptable that GOP passed massive Tax Cuts at a time when federal deficit is ballooning far beyond imagination I don't keep up with that stuff Aren't you interested in economics? The decision made at the top always impact the lives of us_comma_ ordinary people I know. I shold do better,78,grief_and_loss,1,career_and_work,0,1,False,,,
empathetic_hit:6660_conv:13321,Situation: I just got to look through some old photos when looking for pictures for an obituary. I saw my own baby pictures Conversation: We had to go through an old album looking for photos for an obituary I'm sorry someone passed away.  Did you find a good photo to represent that person? We did. I also go to see a lot my my own baby pictures. My grandmother kept everything Thats very sweet of her.  I'm sure it was nice_comma_ although sad_comma_ looking back at those memories. It was,empathetic_dialogues,train,nostalgic,Situation: I just got to look through some old photos when looking for pictures for an obituary. I saw my own baby pictures Conversation: We had to go through an old album looking for photos for an obituary I'm sorry someone passed away. Did you find a good photo to represent that person? We did. I also go to see a lot my my own baby pictures. My grandmother kept everything Thats very sweet of her. I'm sure it was nice_comma_ although sad_comma_ looking back at those memories. It was,90,grief_and_loss,2,family,1,1,False,,,
empathetic_hit:11263_conv:22527,Situation: My grandmother passed away two weeks in 2005.   She had given me all of her Christmas decorations a few years before that.  Her death made me appreciate that even more than ever Conversation: My most treasured item is her ornament that she had for her cat Barney.   That cat was her world. I had a cat named Barney too! We was a one-eyed grey tabby. What kind of ornament is it? Its a porcelain one.   Barney was a black cat that lived into his 20s.  I loved that cat Wow_comma_ that's quite a long life for a cat. I'm glad you got to enjoy so many years with Barney. Thank you.,empathetic_dialogues,train,sentimental,Situation: My grandmother passed away two weeks in 2005. She had given me all of her Christmas decorations a few years before that. Her death made me appreciate that even more than ever Conversation: My most treasured item is her ornament that she had for her cat Barney. That cat was her world. I had a cat named Barney too! We was a one-eyed grey tabby. What kind of ornament is it? Its a porcelain one. Barney was a black cat that lived into his 20s. I loved that cat Wow_comma_ that's quite a long life for a cat. I'm glad you got to enjoy so many years with Barney. Thank you.,112,grief_and_loss,3,family,1,2,False,,,
empathetic_hit:8093_conv:16186,Situation: I lost my favorite jacket and I can't find it. It was quite expensive and not easily replaced Conversation: I lost my favorite jacket and I can't find it did you try redoing your steps of the last day? to see maybe you left it at a friends house I did try to retrace my steps_comma_ but I never found it. It's quite expensive_comma_ so it's not easily replaced i feel bad for you_comma_ have you tried asking other people that are near you often to see if they have seen it?,empathetic_dialogues,train,angry,Situation: I lost my favorite jacket and I can't find it. It was quite expensive and not easily replaced Conversation: I lost my favorite jacket and I can't find it did you try redoing your steps of the last day? to see maybe you left it at a friends house I did try to retrace my steps_comma_ but I never found it. It's quite expensive_comma_ so it's not easily replaced i feel bad for you_comma_ have you tried asking other people that are near you often to see if they have seen it?,93,grief_and_loss,2,relationships,1,1,False,,,
empathetic_hit:1267_conv:2534,Situation: I am upset Brian Lawyer died. Conversation: I am upset Brian Lawyer died. Oh that's horrible. Who's Brian Lawyer? He was a WWE wrestler. I've never heard of him_comma_ but that sucks. How'd he die? He hung himself. Oh wow that's horrible.,empathetic_dialogues,train,sad,Situation: I am upset Brian Lawyer died. Conversation: I am upset Brian Lawyer died. Oh that's horrible. Who's Brian Lawyer? He was a WWE wrestler. I've never heard of him_comma_ but that sucks. How'd he die? He hung himself. Oh wow that's horrible.,43,grief_and_loss,2,career_and_work,0,2,False,,,
empathetic_hit:712_conv:1424,Situation: When my dad died randomly a few years ago_comma_ it really made me sad. I was just not ready for it to happen. Conversation: When my dad passed away_comma_ it was just really sad. It happened so sudden that I was not prepared. Sorry to hear about your loss. Sometimes its better for it to be sudden rather than wait 6 months for the cancer to destroy you I guess so. It made me a better person_comma_ but it did suck at the time. everything passes with time Indeed it does_comma_ good or bad. so decide wisely how it is spent :),empathetic_dialogues,train,sad,Situation: When my dad died randomly a few years ago_comma_ it really made me sad. I was just not ready for it to happen. Conversation: When my dad passed away_comma_ it was just really sad. It happened so sudden that I was not prepared. Sorry to hear about your loss. Sometimes its better for it to be sudden rather than wait 6 months for the cancer to destroy you I guess so. It made me a better person_comma_ but it did suck at the time. everything passes with time Indeed it does_comma_ good or bad. so decide wisely how it is spent :),103,grief_and_loss,3,family,2,1,False,,,
empathetic_hit:10574_conv:21149,Situation: I had to go to a funeral for a distant relative and my stomach wasn't right. In the middle of Amazing Grace_comma_ I passed gas very loudly. Conversation: I was at a relatives funeral and during a rendition of Amazing Grace_comma_ I accidentally passed gas very loudly. im sorry to hear that. did everyone know you did it? Definitely. It was awful. well you cant help it and it happens sometimes,empathetic_dialogues,train,embarrassed,Situation: I had to go to a funeral for a distant relative and my stomach wasn't right. In the middle of Amazing Grace_comma_ I passed gas very loudly. Conversation: I was at a relatives funeral and during a rendition of Amazing Grace_comma_ I accidentally passed gas very loudly. im sorry to hear that. did everyone know you did it? Definitely. It was awful. well you cant help it and it happens sometimes,72,grief_and_loss,4,family,1,3,False,,,
empathetic_hit:10880_conv:21760,Situation: i got cheated and broken up with last night I can't believe it. I'm so angry. Conversation: i got cheated and broken up with last night I can't believe it. I'm so angry. I'm so sorry_comma_ you must feel terrible. It's their loss in the long run. thanks but i am so full of rage. My pride has been hurt I can imagine you're very angry. You'll find someone better.,empathetic_dialogues,train,furious,Situation: i got cheated and broken up with last night I can't believe it. I'm so angry. Conversation: i got cheated and broken up with last night I can't believe it. I'm so angry. I'm so sorry_comma_ you must feel terrible. It's their loss in the long run. thanks but i am so full of rage. My pride has been hurt I can imagine you're very angry. You'll find someone better.,71,grief_and_loss,1,career_and_work,0,1,False,,,
empathetic_hit:11499_conv:22998,Situation: When I got back from vacation_comma_ most of my garden was dead. My dad promised me he would water it! Conversation: When I got back from vacation_comma_ most of my garden was dead. My roommate promised me she would water it! I will go out on a limb and say she didn't hold up her end_comma_ hope you get your garden back bright and beautiful I hope so too. I was just so mad... All the work I put into my garden was destroyed. Now_comma_ I just need patience I understand the frustration a good garden takes time and patience_comma_ I have no doubt you will grow it back better than before Thanks for your kind words! I really hope so! No problem I got faith in you_comma_ really enjoyed this chat,empathetic_dialogues,train,furious,Situation: When I got back from vacation_comma_ most of my garden was dead. My dad promised me he would water it! Conversation: When I got back from vacation_comma_ most of my garden was dead. My roommate promised me she would water it! I will go out on a limb and say she didn't hold up her end_comma_ hope you get your garden back bright and beautiful I hope so too. I was just so mad... All the work I put into my garden was destroyed. Now_comma_ I just need patience I understand the frustration a good garden takes time and patience_comma_ I have no doubt you will grow it back better than before Thanks for your kind words! I really hope so! No problem I got faith in you_comma_ really enjoyed this chat,133,grief_and_loss,2,career_and_work,1,1,False,,,
empathetic_hit:5739_conv:11478,Situation: I cried when I found out my uncle passed away. Conversation: I cried when I found out my uncle passed away. oh wow that is horrible_comma_ im sorry for your loss Yes_comma_ he wasn't that old. Only 53 years old. wow thats young,empathetic_dialogues,train,sad,Situation: I cried when I found out my uncle passed away. Conversation: I cried when I found out my uncle passed away. oh wow that is horrible_comma_ im sorry for your loss Yes_comma_ he wasn't that old. Only 53 years old. wow thats young,44,grief_and_loss,5,family,2,3,False,,,
empathetic_hit:11258_conv:22517,Situation: I went through a lot of hard times in my life. Lost my job_comma_ injured my knee_comma_ lost someone dear. But I always believed things would get better. Conversation: I went through some pretty tough times. Still_comma_ I believed things would get better eventually. it is a good sign of positivity i guess.. Absolutely. Things did get better as a matter of fact. yes.. only thing we should do is to be patience and the rest will be okay ..,empathetic_dialogues,train,hopeful,Situation: I went through a lot of hard times in my life. Lost my job_comma_ injured my knee_comma_ lost someone dear. But I always believed things would get better. Conversation: I went through some pretty tough times. Still_comma_ I believed things would get better eventually. it is a good sign of positivity i guess.. Absolutely. Things did get better as a matter of fact. yes.. only thing we should do is to be patience and the rest will be okay ..,81,grief_and_loss,2,health_and_wellness,1,1,False,,,
empathetic_hit:10046_conv:20093,Situation: Last Monday I lost my keys and couldn't find them anywhere_comma_ but them I prayed and made and promise to go to church if I found them_comma_ and I immediately did. Conversation: Last Monday I lost my keys at  the mall and couldn't find them. That must have been so stressful. What did you do? It was_comma_ but I prayed and made and promise to go to church if I found them_comma_ and I immediately did Thank goodness you found them_comma_ and kept your promise.,empathetic_dialogues,train,faithful,Situation: Last Monday I lost my keys and couldn't find them anywhere_comma_ but them I prayed and made and promise to go to church if I found them_comma_ and I immediately did. Conversation: Last Monday I lost my keys at the mall and couldn't find them. That must have been so stressful. What did you do? It was_comma_ but I prayed and made and promise to go to church if I found them_comma_ and I immediately did Thank goodness you found them_comma_ and kept your promise.,86,grief_and_loss,2,stress_and_anxiety,1,1,False,,,
empathetic_hit:5551_conv:11102,Situation: Once I was stranded hours from home in a snowstorm. I was with a stranger who suggested I come to her house and warm up until the storm passed. I trusted her and went with her. Conversation: Once I was stranded hours from home in a snowstorm. I ended up going to a stranger's house to wait it out Well_comma_ she was really nice and we had been waiting together in the snow for awhile_comma_ so I felt I could trust her.,empathetic_dialogues,validation,trusting,Situation: Once I was stranded hours from home in a snowstorm. I was with a stranger who suggested I come to her house and warm up until the storm passed. I trusted her and went with her. Conversation: Once I was stranded hours from home in a snowstorm. I ended up going to a stranger's house to wait it out Well_comma_ she was really nice and we had been waiting together in the snow for awhile_comma_ so I felt I could trust her.,83,grief_and_loss,1,career_and_work,0,1,False,,,
empathetic_hit:1899_conv:3799,Situation: i was pretty devestated when robin williams died Conversation: Robin williams was my hero i am so sad he's gone I know that was the case for many_comma_ I am sorry that impacted you i use to follow him since i was a kid Many people did_comma_ he was a likeable fellow!,empathetic_dialogues,train,sad,Situation: i was pretty devestated when robin williams died Conversation: Robin williams was my hero i am so sad he's gone I know that was the case for many_comma_ I am sorry that impacted you i use to follow him since i was a kid Many people did_comma_ he was a likeable fellow!,53,grief_and_loss,1,career_and_work,0,1,False,,,
empathetic_hit:892_conv:1784,Situation: I lost my dog a few days ago. It was really sudden. Conversation: I lost my dog a few days ago. It was really sudden That really sucks! Have you put up any posters to help you find him? I did_comma_ but I haven't found him yet. He usually gets caught up in things so it wouldn't surprise me if he went quite far and lost his way back Well I hope you find him. Hopefully nothing bad happened to him.,empathetic_dialogues,train,sad,Situation: I lost my dog a few days ago. It was really sudden. Conversation: I lost my dog a few days ago. It was really sudden That really sucks! Have you put up any posters to help you find him? I did_comma_ but I haven't found him yet. He usually gets caught up in things so it wouldn't surprise me if he went quite far and lost his way back Well I hope you find him. Hopefully nothing bad happened to him.,82,grief_and_loss,2,career_and_work,0,2,False,,,
empathetic_hit:2127_conv:4255,Situation: when my health issues resolved Conversation: I have had so many health issues this year. It is been crucial to find the silver linings Finding things to be grateful for have saved my sanity On the one hand_comma_ I could see how you would feel that way_comma_ but on the other hand it was a really responsible thing you did.  Do you get out often to the batting cage with your kids?,empathetic_dialogues,train,grateful,Situation: when my health issues resolved Conversation: I have had so many health issues this year. It is been crucial to find the silver linings Finding things to be grateful for have saved my sanity On the one hand_comma_ I could see how you would feel that way_comma_ but on the other hand it was a really responsible thing you did. Do you get out often to the batting cage with your kids?,73,health_and_wellness,2,career_and_work,0,2,False,,,
empathetic_hit:10435_conv:20870,Situation: Lately I've been having horrible nightmares. It feels like having sleep paralysis! Conversation: Lately at night when I go to sleep I've been having sleep paralysis. It feels terrifying! Like someone is in the room with me. That's horrible. Have you any idea what might have caused it? I've watched some Youtube videos on it and it seems to be hereditary or sometimes sleep deprived. I guess I am usually sleep deprived! You should go see a doctor about that. Sleep deprivation is very unhealthy,empathetic_dialogues,train,terrified,Situation: Lately I've been having horrible nightmares. It feels like having sleep paralysis! Conversation: Lately at night when I go to sleep I've been having sleep paralysis. It feels terrifying! Like someone is in the room with me. That's horrible. Have you any idea what might have caused it? I've watched some Youtube videos on it and it seems to be hereditary or sometimes sleep deprived. I guess I am usually sleep deprived! You should go see a doctor about that. Sleep deprivation is very unhealthy,86,health_and_wellness,7,career_and_work,0,7,False,,,
empathetic_hit:3711_conv:7422,Situation: I was told that my dog may have severe health issues. He doesn't like to walk around much any more. I am praying it is not something that could end his life early. Conversation: My dog has been having health issues. I took him to the vet and they couldn't find anything wrong. oh now_comma_ that's very worrisome Yeah I am praying it is nothing too serious. They said he may have ate something that made him not feel good. I hope it's nothing serious. I know how upsetting having a sick pet can be.,empathetic_dialogues,train,hopeful,Situation: I was told that my dog may have severe health issues. He doesn't like to walk around much any more. I am praying it is not something that could end his life early. Conversation: My dog has been having health issues. I took him to the vet and they couldn't find anything wrong. oh now_comma_ that's very worrisome Yeah I am praying it is nothing too serious. They said he may have ate something that made him not feel good. I hope it's nothing serious. I know how upsetting having a sick pet can be.,96,health_and_wellness,3,career_and_work,0,3,False,,,
empathetic_hit:2511_conv:5023,Situation: I saw a homeless person today. I instantly felt so thankful for what I had in life and where I was. Conversation: I saw a homeless person today. I instantly felt so thankful for what I had in life and where I was. That is a very healthy way to think. Thank you. We all need to appreciate the good things in life.,empathetic_dialogues,train,grateful,Situation: I saw a homeless person today. I instantly felt so thankful for what I had in life and where I was. Conversation: I saw a homeless person today. I instantly felt so thankful for what I had in life and where I was. That is a very healthy way to think. Thank you. We all need to appreciate the good things in life.,64,health_and_wellness,1,career_and_work,0,1,False,,,
empathetic_hit:6208_conv:12417,Situation: Sometime_comma_ I have problem respecting my sleep schedule. So I wake up tired. Conversation: Sometime_comma_ I have problem respecting my sleep schedule. So I wake up tired. It's hard to change habits sometimes. Sometime_comma_ for no valid reason_comma_ I cannot find sleep. Can you be insomniac?,empathetic_dialogues,train,annoyed,Situation: Sometime_comma_ I have problem respecting my sleep schedule. So I wake up tired. Conversation: Sometime_comma_ I have problem respecting my sleep schedule. So I wake up tired. It's hard to change habits sometimes. Sometime_comma_ for no valid reason_comma_ I cannot find sleep. Can you be insomniac?,47,health_and_wellness,3,career_and_work,0,3,False,,,
empathetic_hit:742_conv:1484,Situation: My surgery showed I was cancer free. Conversation: I recently got great news_comma_ medically. I'm glad you did!  I had a tumor removed_comma_ and it was NOT cancerous!,empathetic_dialogues,validation,grateful,Situation: My surgery showed I was cancer free. Conversation: I recently got great news_comma_ medically. I'm glad you did! I had a tumor removed_comma_ and it was NOT cancerous!,29,health_and_wellness,1,career_and_work,0,1,False,,,
empathetic_hit:4013_conv:8026,Situation: I was able to achieve my diet goals finally. It has been one year that I am diet. Conversation: I was able to achieve my diet goals finally. It has been one year that I am on diet. Congratulations on making a plan and sticking with it. What kind of diet are you doing? I wanted to loose weight. I proud of myself to have finally acheived my goals. You can do anything (realistically) as long as you stay consistent and take it one day at a time!,empathetic_dialogues,train,proud,Situation: I was able to achieve my diet goals finally. It has been one year that I am diet. Conversation: I was able to achieve my diet goals finally. It has been one year that I am on diet. Congratulations on making a plan and sticking with it. What kind of diet are you doing? I wanted to loose weight. I proud of myself to have finally acheived my goals. You can do anything (realistically) as long as you stay consistent and take it one day at a time!,89,health_and_wellness,6,personal_growth,3,3,False,,,
empathetic_hit:4075_conv:8150,Situation: I ate half a sandwhich before realizing the bread was moldy. Conversation: I ate half a sandwich before realizing the bread was old and moldy! It was gross! Oh no_comma_ I can imagine how you must have felt when you realized.  Did you get sick? It didn't make me sick_comma_ but it definitely made me FEEL sick for a short period. I guess mostly mental. I can understand that too....  Did you double check the bread before the next sandwich?,empathetic_dialogues,train,disgusted,Situation: I ate half a sandwhich before realizing the bread was moldy. Conversation: I ate half a sandwich before realizing the bread was old and moldy! It was gross! Oh no_comma_ I can imagine how you must have felt when you realized. Did you get sick? It didn't make me sick_comma_ but it definitely made me FEEL sick for a short period. I guess mostly mental. I can understand that too.... Did you double check the bread before the next sandwich?,81,health_and_wellness,2,career_and_work,0,2,False,,,
empathetic_hit:5691_conv:11383,Situation: I get so sad watching st jude commercials. I always watch them though. Conversation: St Juse commercials make me so sad They make me sad too. I wish I could heal all those sick kids. I know. All kids deserve a happy and healthy childhood. It breaks my heart. It makes me feel better knowing that they get such great care at St Jude's and the parents never get a bill though. Thats true. They are great,empathetic_dialogues,train,sad,Situation: I get so sad watching st jude commercials. I always watch them though. Conversation: St Juse commercials make me so sad They make me sad too. I wish I could heal all those sick kids. I know. All kids deserve a happy and healthy childhood. It breaks my heart. It makes me feel better knowing that they get such great care at St Jude's and the parents never get a bill though. Thats true. They are great,78,health_and_wellness,2,family,1,1,False,,,
empathetic_hit:850_conv:1700,Situation: My kids wouldn't be quiet lasy night when I tried to go to bead early. Conversation: I woke up late and it's my kids fault. Oh no... are they in trouble? lol no. They are sleep and I can get some things done. Maybe tomorrow morning you should wake them up super early as a surprise. :p Sounds like a plan,empathetic_dialogues,train,annoyed,Situation: My kids wouldn't be quiet lasy night when I tried to go to bead early. Conversation: I woke up late and it's my kids fault. Oh no... are they in trouble? lol no. They are sleep and I can get some things done. Maybe tomorrow morning you should wake them up super early as a surprise. :p Sounds like a plan,62,health_and_wellness,1,career_and_work,0,1,False,,,
empathetic_hit:5612_conv:11225,Situation: I am feeling uncomfortable in my body today. I am not sure why...but ever since my body changed so much in pregnancy..and I am having to work so hard to get it back to normal..somedays I am just uncomfortable and don't want to wear anything and I don't want to go out. Conversation: I am feeling uncomfortable in my body today. Oh no. What's going on? I am not sure why...but ever since my body changed so much in pregnancy..and I am having to work so hard to get it back to normal..somedays I am just uncomfortable and don't want to wear anything and I don't want to go out I'm sorry to hear that. Are you thinking about changing your diet and exercise routine? I have! It is just something different after you get pregnant..and I was very sick and had a lot of health issues..I have lost most of the weight- It just changes you and your body for some of us-,empathetic_dialogues,train,anxious,Situation: I am feeling uncomfortable in my body today. I am not sure why...but ever since my body changed so much in pregnancy..and I am having to work so hard to get it back to normal..somedays I am just uncomfortable and don't want to wear anything and I don't want to go out. Conversation: I am feeling uncomfortable in my body today. Oh no. What's going on? I am not sure why...but ever since my body changed so much in pregnancy..and I am having to work so hard to get it back to normal..somedays I am just uncomfortable and don't want to wear anything and I don't want to go out I'm sorry to hear that. Are you thinking about changing your diet and exercise routine? I have! It is just something different after you get pregnant..and I was very sick and had a lot of health issues..I have lost most of the weight- It just changes you and your body for some of us-,165,health_and_wellness,5,career_and_work,2,3,False,,,
empathetic_hit:7254_conv:14509,Situation: I finally reached my weight loss target. Conversation: I finally reached my weight loss target which I have chasing for 6 months. thats honestly amazing_comma_ keep it up and never go back. Thank you. I am so proud of myself and that gives me even more motivation! yes_comma_ i have been fighting my weight my whole life.,empathetic_dialogues,train,proud,Situation: I finally reached my weight loss target. Conversation: I finally reached my weight loss target which I have chasing for 6 months. thats honestly amazing_comma_ keep it up and never go back. Thank you. I am so proud of myself and that gives me even more motivation! yes_comma_ i have been fighting my weight my whole life.,58,health_and_wellness,3,grief_and_loss,2,1,False,,,
empathetic_hit:9423_conv:18847,Situation: I felt bad when I didn't take the trash out the other night! Conversation: I felt bad when I didn't take the trash out the other night! Were you drunk or tired? I don't drink lol. I was VERY exhausted. I have fibro so every move can hurt. I just didn't care and I always care..but was in too much pain! I should've done it anyway though That's unfortunate_comma_ hopefully they develop or allow you access to some medicine that can help you manage that pain. Especially considering how frequent it can be. The medicine is very dangerous generally. I am just trying to figure it out with herbs and diet :) Some days are worse then others.,empathetic_dialogues,train,ashamed,Situation: I felt bad when I didn't take the trash out the other night! Conversation: I felt bad when I didn't take the trash out the other night! Were you drunk or tired? I don't drink lol. I was VERY exhausted. I have fibro so every move can hurt. I just didn't care and I always care..but was in too much pain! I should've done it anyway though That's unfortunate_comma_ hopefully they develop or allow you access to some medicine that can help you manage that pain. Especially considering how frequent it can be. The medicine is very dangerous generally. I am just trying to figure it out with herbs and diet :) Some days are worse then others.,119,health_and_wellness,5,career_and_work,0,5,False,,,
empathetic_hit:3244_conv:6489,Situation: My son has been having stomach pain for months now and the doctors can't figure out what it is. They basically say he has to get worse for them to find a diagnosis if some new problem comes up. I'm so scared. Conversation: My son has been having stomach pain for months now and the doctors can't figure out what it is. They basically say he has to get worse for them to find a diagnosis if some new problem comes up. I'm so scared. I completely understand that.  Things are always scary when it is happening to your kids_comma_ but there is hope!  Have you ever heard of whole foods plant based diet?  Or doctor Fuhrman_comma_ or doctor Michael Greger?  I think it could heal your son! What is that?  None of the doctors told me about that.  I will look into it.  Thank you! You've given me hope I never knew I had! You will likely never hear about any of this stuff in a doctors office_comma_ but it can heal almost anything!  I hope your son is better before the end of summer.  Keep hope alive!,empathetic_dialogues,train,afraid,Situation: My son has been having stomach pain for months now and the doctors can't figure out what it is. They basically say he has to get worse for them to find a diagnosis if some new problem comes up. I'm so scared. Conversation: My son has been having stomach pain for months now and the doctors can't figure out what it is. They basically say he has to get worse for them to find a diagnosis if some new problem comes up. I'm so scared. I completely understand that. Things are always scary when it is happening to your kids_comma_ but there is hope! Have you ever heard of whole foods plant based diet? Or doctor Fuhrman_comma_ or doctor Michael Greger? I think it could heal your son! What is that? None of the doctors told me about that. I will look into it. Thank you! You've given me hope I never knew I had! You will likely never hear about any of this stuff in a doctors office_comma_ but it can heal almost anything! I hope your son is better before the end of summer. Keep hope alive!,190,health_and_wellness,5,family,4,1,False,,,
empathetic_hit:5599_conv:11198,Situation: I felt very sad for someone I know who has a mental illness and works so hard sometimes to get better..but then other times they destroy it  all. I felt very compassionate for them today though ...as here they are working hard again. Conversation: I felt very sad for someone I know who has a mental illness and works so hard sometimes to get better..but then other times they destroy it all. Mental illness is very tough to deal with it by themselves. Yes..but it's even harder on the caregivers... I felt very compassionate for them today though ...as here they are working hard again. The rollercoaster is not easy...I feel sad for them today. Who are the caregivers? His/her parents? Or Children? Caregivers mean anyone who takes care of them..In this case me.,empathetic_dialogues,train,caring,Situation: I felt very sad for someone I know who has a mental illness and works so hard sometimes to get better..but then other times they destroy it all. I felt very compassionate for them today though ...as here they are working hard again. Conversation: I felt very sad for someone I know who has a mental illness and works so hard sometimes to get better..but then other times they destroy it all. Mental illness is very tough to deal with it by themselves. Yes..but it's even harder on the caregivers... I felt very compassionate for them today though ...as here they are working hard again. The rollercoaster is not easy...I feel sad for them today. Who are the caregivers? His/her parents? Or Children? Caregivers mean anyone who takes care of them..In this case me.,135,health_and_wellness,3,career_and_work,2,1,False,,,
empathetic_hit:10797_conv:21595,Situation: I thought my wife had umbilical hernia. Which is a serious health condition. Doctor told her she might die or end up in an ER! . Conversation: I thought my wife had umbilical hernia. Which is a serious health condition. Doctor told her she might die or end up in an ER! well I mean...does she really? or do you just think she does No! The doctor was completely wrong and it was a misdiagnosis which we thought it was but there was also this fear. well you should be more worried about dying in a car accident_comma_ because that's 10x more likely. drive safe,empathetic_dialogues,train,apprehensive,Situation: I thought my wife had umbilical hernia. Which is a serious health condition. Doctor told her she might die or end up in an ER! . Conversation: I thought my wife had umbilical hernia. Which is a serious health condition. Doctor told her she might die or end up in an ER! well I mean...does she really? or do you just think she does No! The doctor was completely wrong and it was a misdiagnosis which we thought it was but there was also this fear. well you should be more worried about dying in a car accident_comma_ because that's 10x more likely. drive safe,106,health_and_wellness,5,relationships,2,3,False,,,
empathetic_hit:627_conv:1255,Situation: I was expecting a baby any day. I deep cleaned my house_comma_ stocked up the fridge and set up all of the baby's stuff plus a little bag for the hospital. I was all ready for my baby to show up. Conversation: I was expecting a baby last month. I had everything prepped and ready to go- clean house_comma_ stocked fridge_comma_ packed bag and more_comma_ Oh that's very resourceful of you. Did everything go as expected? Yep it was my most laidback baby experience so far. Nice! You sound like a great caretaker.,empathetic_dialogues,train,prepared,Situation: I was expecting a baby any day. I deep cleaned my house_comma_ stocked up the fridge and set up all of the baby's stuff plus a little bag for the hospital. I was all ready for my baby to show up. Conversation: I was expecting a baby last month. I had everything prepped and ready to go- clean house_comma_ stocked fridge_comma_ packed bag and more_comma_ Oh that's very resourceful of you. Did everything go as expected? Yep it was my most laidback baby experience so far. Nice! You sound like a great caretaker.,94,health_and_wellness,1,career_and_work,0,1,False,,,
empathetic_hit:5072_conv:10145,Situation: I took care of my car this weekend. He was a little sick Conversation: I took care of my cat this weekend_comma_ He was a little sick did you take him to the vet? I did and they fixed him up oh thats good then.,empathetic_dialogues,train,caring,Situation: I took care of my car this weekend. He was a little sick Conversation: I took care of my cat this weekend_comma_ He was a little sick did you take him to the vet? I did and they fixed him up oh thats good then.,46,health_and_wellness,2,daily_life,2,0,True,,,
empathetic_hit:5027_conv:10055,Situation: I have a health check up tomorrow_comma_ but I am a bit nervous to go. It's been a while. Conversation: I've got a health check coming up tomorrow_comma_ but I am a bit nervous about it. I never liked those either.  Do you have any health problems that would make you dread it? Not really (I think). Just the whole process is something that makes me nervous_comma_ perhaps foolishly. Don't sweat it.  You'll do great.  Its never a fun process but that's so good you're keeping up with your health!,empathetic_dialogues,train,apprehensive,Situation: I have a health check up tomorrow_comma_ but I am a bit nervous to go. It's been a while. Conversation: I've got a health check coming up tomorrow_comma_ but I am a bit nervous about it. I never liked those either. Do you have any health problems that would make you dread it? Not really (I think). Just the whole process is something that makes me nervous_comma_ perhaps foolishly. Don't sweat it. You'll do great. Its never a fun process but that's so good you're keeping up with your health!,91,health_and_wellness,4,stress_and_anxiety,2,2,False,,,
empathetic_hit:7856_conv:15713,Situation: I think my dog is sick. He is moving around so slowly. I am positive it will go away soon though. Conversation: I'm worried my dog is sick. He has been moving around slow recently. Oh no I hope that he pulls through! Yeah I am sure he will get over it. It must have been that dead bird I saw him eating the other day. Yeah probably. You should take him to the vet right away!,empathetic_dialogues,train,hopeful,Situation: I think my dog is sick. He is moving around so slowly. I am positive it will go away soon though. Conversation: I'm worried my dog is sick. He has been moving around slow recently. Oh no I hope that he pulls through! Yeah I am sure he will get over it. It must have been that dead bird I saw him eating the other day. Yeah probably. You should take him to the vet right away!,78,health_and_wellness,2,stress_and_anxiety,1,1,False,,,
empathetic_hit:7573_conv:15147,Situation: I jsut ate three donuts myself Conversation: I just ate 3 donuts by myself What kind of donuts? Just sugar ring donuts. Did you eat them quickly? Yes. I wolfed them down.,empathetic_dialogues,train,ashamed,Situation: I jsut ate three donuts myself Conversation: I just ate 3 donuts by myself What kind of donuts? Just sugar ring donuts. Did you eat them quickly? Yes. I wolfed them down.,33,loneliness,1,career_and_work,0,1,False,,,
empathetic_hit:9283_conv:18567,Situation: I went to eat lunch by myself.  I hate being by myself so much. Conversation: I went to eat lunch by myself. Where did you go? did you enjoy yourself? I went to Subway.  I hate being by myself so much! why?? its good time to think,empathetic_dialogues,train,lonely,Situation: I went to eat lunch by myself. I hate being by myself so much. Conversation: I went to eat lunch by myself. Where did you go? did you enjoy yourself? I went to Subway. I hate being by myself so much! why?? its good time to think,48,loneliness,4,career_and_work,0,4,False,,,
empathetic_hit:6556_conv:13113,Situation: My dog died_comma_ now im alone in my home. Conversation: My dog died_comma_ now im alone in my home. oh no are you planning to get another one ? Im not sure. She was very old_comma_ I had her so long. what kind of breed was it,empathetic_dialogues,train,lonely,Situation: My dog died_comma_ now im alone in my home. Conversation: My dog died_comma_ now im alone in my home. oh no are you planning to get another one ? Im not sure. She was very old_comma_ I had her so long. what kind of breed was it,48,loneliness,2,career_and_work,0,2,False,,,
empathetic_hit:3676_conv:7353,Situation: I thought somebody was breaking into my house. Conversation: Once_comma_ I thought somebody was attempting to break into my house. Yes_comma_ I was truly frightened. It ended up being okay though. It was actually just a roofer inspecting my roof that nobody told me about.,empathetic_dialogues,test,terrified,Situation: I thought somebody was breaking into my house. Conversation: Once_comma_ I thought somebody was attempting to break into my house. Yes_comma_ I was truly frightened. It ended up being okay though. It was actually just a roofer inspecting my roof that nobody told me about.,46,loneliness,1,career_and_work,0,1,False,,,
empathetic_hit:3372_conv:6744,Situation: Being alone in a foreign country. Conversation: Honestly there is nothing worse then having to go on a trip out of the country by myself. Why you don't invite a friend to come with you? It was for business_comma_ but the meetings only last for a few hours everyday. So I am just kind of waiting in my room because I'm to worried about getting lost if I wander about. Why don't you take a guide or a book to help visit? Most of the preset times conflict with the meetings. I don't know_comma_ it just worries me as well.,empathetic_dialogues,train,afraid,Situation: Being alone in a foreign country. Conversation: Honestly there is nothing worse then having to go on a trip out of the country by myself. Why you don't invite a friend to come with you? It was for business_comma_ but the meetings only last for a few hours everyday. So I am just kind of waiting in my room because I'm to worried about getting lost if I wander about. Why don't you take a guide or a book to help visit? Most of the preset times conflict with the meetings. I don't know_comma_ it just worries me as well.,101,loneliness,2,relationships,1,1,False,,,
empathetic_hit:1889_conv:3779,Situation: I'm just sitting here alone in the room... no friends_comma_ no love Conversation: I'm so lonely. I mean... i have no friends_comma_ no husband_comma_ no kids. i wish i had at least somebody in my life not really. i love playing video games and watch tv. i'm socially awkward,empathetic_dialogues,test,lonely,Situation: I'm just sitting here alone in the room... no friends_comma_ no love Conversation: I'm so lonely. I mean... i have no friends_comma_ no husband_comma_ no kids. i wish i had at least somebody in my life not really. i love playing video games and watch tv. i'm socially awkward,50,loneliness,2,career_and_work,0,2,False,,,
empathetic_hit:3048_conv:6096,Situation: I finally purchased the house of my dreams. Conversation: I finally purchased the house of my dreams. We barley finished moving in yesterday. Thanks. I did it all by myself too. All that saving finally paid off!,empathetic_dialogues,validation,proud,Situation: I finally purchased the house of my dreams. Conversation: I finally purchased the house of my dreams. We barley finished moving in yesterday. Thanks. I did it all by myself too. All that saving finally paid off!,38,loneliness,1,career_and_work,0,1,False,,,
empathetic_hit:12138_conv:24276,Situation: I have rescue some dogs that were on the street and help them find a new home. Conversation: The other day I rescue and abandoned dog on the street_comma_ and took care of him until we found him a new home. Awww that is so sweet. Did he go to a good home? Yes I tried my best to make sure that these people were willing and able to take very good care of him. That is good to hear. I hope he lives a good life.,empathetic_dialogues,train,caring,Situation: I have rescue some dogs that were on the street and help them find a new home. Conversation: The other day I rescue and abandoned dog on the street_comma_ and took care of him until we found him a new home. Awww that is so sweet. Did he go to a good home? Yes I tried my best to make sure that these people were willing and able to take very good care of him. That is good to hear. I hope he lives a good life.,88,loneliness,1,career_and_work,0,1,False,,,
empathetic_hit:1521_conv:3042,Situation: I hate being alone at my house_comma_ it's not fulfilling at all. Conversation: I hate being alone at my house_comma_ it's not fulfilling at all. Myself as well_comma_ friends are what make life better. I usually like being by myself but it's taking a toll on my social life now Alone time is important but you will go crazy if you are always alone.,empathetic_dialogues,train,lonely,Situation: I hate being alone at my house_comma_ it's not fulfilling at all. Conversation: I hate being alone at my house_comma_ it's not fulfilling at all. Myself as well_comma_ friends are what make life better. I usually like being by myself but it's taking a toll on my social life now Alone time is important but you will go crazy if you are always alone.,65,loneliness,5,relationships,1,4,False,,,
empathetic_hit:9557_conv:19114,Situation: I saw someone riding a unicycle the other day_comma_ it seems really hard. Conversation: I saw someone riding a unicycle the other day_comma_ it seems really difficult. It is to me. I dont know how people do it I know right_comma_ I actually can't even ride a bicycle let alone a unicycle. hahaha_comma_ same! If I took time though I could probably learn how to,empathetic_dialogues,train,impressed,Situation: I saw someone riding a unicycle the other day_comma_ it seems really hard. Conversation: I saw someone riding a unicycle the other day_comma_ it seems really difficult. It is to me. I dont know how people do it I know right_comma_ I actually can't even ride a bicycle let alone a unicycle. hahaha_comma_ same! If I took time though I could probably learn how to,66,loneliness,1,career_and_work,0,1,False,,,
empathetic_hit:5763_conv:11527,Situation: I was disappointed once when I had been promised a boat trip but then couldn't go because nobody had a license to drive the boat. Conversation: I booked a boat trip once_comma_ but then we weren't allowed to go Why were you not allowed to go? Nobody had a license to drive the boat. There was some confusion about what license was needed. It was very disappointing. What did you do instead? Went for lunch to a harborside bar,empathetic_dialogues,train,disappointed,Situation: I was disappointed once when I had been promised a boat trip but then couldn't go because nobody had a license to drive the boat. Conversation: I booked a boat trip once_comma_ but then we weren't allowed to go Why were you not allowed to go? Nobody had a license to drive the boat. There was some confusion about what license was needed. It was very disappointing. What did you do instead? Went for lunch to a harborside bar,80,loneliness,2,daily_life,2,0,True,,,
empathetic_hit:8755_conv:17511,Situation: The other night I was walking alone and a guy kept following me. I turned to go in another direction and he still followed. I ended up getting OFF the walkway and walking quickly so I could lose him. Conversation: The other night I was walking alone and a guy kept following me. I hope you had something to protect you? Like  a whistle or pepper spray? I did not that night. You just can't let men or anyone get close to you at night...It's too much of a risk. I turned to go in another direction and he still followed. I ended up getting OFF the walkway and walking quickly so I could lose him. I have a small pepper spray now but I had forgotten it. Thank goodness the outcome was good. Everyone needs something on them to deter someone that might be wanting to harm you.,empathetic_dialogues,train,terrified,Situation: The other night I was walking alone and a guy kept following me. I turned to go in another direction and he still followed. I ended up getting OFF the walkway and walking quickly so I could lose him. Conversation: The other night I was walking alone and a guy kept following me. I hope you had something to protect you? Like a whistle or pepper spray? I did not that night. You just can't let men or anyone get close to you at night...It's too much of a risk. I turned to go in another direction and he still followed. I ended up getting OFF the walkway and walking quickly so I could lose him. I have a small pepper spray now but I had forgotten it. Thank goodness the outcome was good. Everyone needs something on them to deter someone that might be wanting to harm you.,150,loneliness,2,career_and_work,0,2,False,,,
empathetic_hit:1110_conv:2221,Situation: Sometimes I feel all alone Conversation: Sometimes I feel all alone Why is that? because sometimes there is no one else at home with me and i dont like being alone Get a dog.,empathetic_dialogues,train,lonely,Situation: Sometimes I feel all alone Conversation: Sometimes I feel all alone Why is that? because sometimes there is no one else at home with me and i dont like being alone Get a dog.,35,loneliness,3,career_and_work,0,3,False,,,
empathetic_hit:9601_conv:19203,Situation: When I was younger I used to be scared to go into the basement.  After I saw the home alone movies Conversation: Did you ever see the movie Home Alone?  The movie scared me as a child I saw it when I was much older but my parents didn't let me watch it when I was young.  I bet.  That wouldn't be like real life for really being left home alone. I was terrified to go into my basement after I saw that movie.  The furnace was so scary I forgot about that part!  Yes!  Terrifying!  Hope you didn't have too many nightmares over it.,empathetic_dialogues,train,afraid,Situation: When I was younger I used to be scared to go into the basement. After I saw the home alone movies Conversation: Did you ever see the movie Home Alone? The movie scared me as a child I saw it when I was much older but my parents didn't let me watch it when I was young. I bet. That wouldn't be like real life for really being left home alone. I was terrified to go into my basement after I saw that movie. The furnace was so scary I forgot about that part! Yes! Terrifying! Hope you didn't have too many nightmares over it.,106,loneliness,3,daily_life,3,0,True,,,
empathetic_hit:7545_conv:15091,Situation: I have a companion now i won't have to be alone Conversation: I have a companion now so  i won't have to be alone That's great! I don't like being alone all the time really. Yes it's been 2 years since I get walked out on at the alter. Now I have sorted myself out and have my life in front of me that's why I have decided to get a companion now Oh that's horrible. Yes_comma_ you have overcome a lot it sounds like! Your outlook seems great now.,empathetic_dialogues,train,lonely,Situation: I have a companion now i won't have to be alone Conversation: I have a companion now so i won't have to be alone That's great! I don't like being alone all the time really. Yes it's been 2 years since I get walked out on at the alter. Now I have sorted myself out and have my life in front of me that's why I have decided to get a companion now Oh that's horrible. Yes_comma_ you have overcome a lot it sounds like! Your outlook seems great now.,91,loneliness,3,career_and_work,0,3,False,,,
empathetic_hit:5836_conv:11673,Situation: I ate dinner by myself again.  I hate being by myself all the time. Conversation: I ate dinner by myself again. Oh no_comma_ I'm sorry to hear that I hate being by myself all the time. Same here... it really sucks,empathetic_dialogues,train,lonely,Situation: I ate dinner by myself again. I hate being by myself all the time. Conversation: I ate dinner by myself again. Oh no_comma_ I'm sorry to hear that I hate being by myself all the time. Same here... it really sucks,42,loneliness,4,career_and_work,0,4,False,,,
empathetic_hit:8384_conv:16768,Situation: I was pretty alone last night. I guess everyone I knew was busy Conversation: I was pretty alone last night. I guess everyone I knew was busy did you enjoy it? I guess I felt more neutral than anything ah well at least you didnt feel lonely,empathetic_dialogues,train,lonely,Situation: I was pretty alone last night. I guess everyone I knew was busy Conversation: I was pretty alone last night. I guess everyone I knew was busy did you enjoy it? I guess I felt more neutral than anything ah well at least you didnt feel lonely,48,loneliness,3,career_and_work,0,3,False,,,
empathetic_hit:2521_conv:5043,Situation: sometimes I feel all alone! Conversation: sometimes I feel all alone! I know what you mean. That's no fun. yea... boring sometimes Do you have any hobbies or do you like to read?,empathetic_dialogues,train,lonely,Situation: sometimes I feel all alone! Conversation: sometimes I feel all alone! I know what you mean. That's no fun. yea... boring sometimes Do you have any hobbies or do you like to read?,34,loneliness,2,career_and_work,0,2,False,,,
empathetic_hit:520_conv:1040,Situation: I heard a noise in my house late last night. It sounded like someone was walking around in the kitchen. I grabbed my mace just in case. Conversation: Late last night I swore I heard some footsteps coming from my kitchen. I live alone and was convinced someone was in the house. It could've been a ghost or maybe a robber? I grabbed my mace and tip-toed downstairs. I jumped in the kitchen and realized I had left my TV on. Oops! That's awesome that you have a mace. Are you king arthur by any chance?,empathetic_dialogues,train,terrified,Situation: I heard a noise in my house late last night. It sounded like someone was walking around in the kitchen. I grabbed my mace just in case. Conversation: Late last night I swore I heard some footsteps coming from my kitchen. I live alone and was convinced someone was in the house. It could've been a ghost or maybe a robber? I grabbed my mace and tip-toed downstairs. I jumped in the kitchen and realized I had left my TV on. Oops! That's awesome that you have a mace. Are you king arthur by any chance?,97,loneliness,1,career_and_work,0,1,False,,,
empathetic_hit:5826_conv:11653,Situation: My neighbor grabbed my dog that was running in the street.  I am very thankful they did that. Conversation: My neighbor grabbed my dog that was running in the street. im glad the pupper was returned Yes_comma_ I am so thankful they did that. i hate seeing dogs alone in the streets,empathetic_dialogues,train,grateful,Situation: My neighbor grabbed my dog that was running in the street. I am very thankful they did that. Conversation: My neighbor grabbed my dog that was running in the street. im glad the pupper was returned Yes_comma_ I am so thankful they did that. i hate seeing dogs alone in the streets,53,loneliness,1,career_and_work,0,1,False,,,
empathetic_hit:8404_conv:16809,Situation: I'm pretty happy where my life is right now. Conversation: I'm fairly happy where my life is right now. At least it's headed in the right direction. thats great to hear_comma_ im happy for you and your accomplishements It's hard and long work_comma_ but at least I'm making it. hope your future is bright,empathetic_dialogues,train,content,Situation: I'm pretty happy where my life is right now. Conversation: I'm fairly happy where my life is right now. At least it's headed in the right direction. thats great to hear_comma_ im happy for you and your accomplishements It's hard and long work_comma_ but at least I'm making it. hope your future is bright,55,personal_growth,1,career_and_work,0,1,False,,,
empathetic_hit:2481_conv:4962,Situation: I told myself I wouldn't eat after 10 pm yesterday and I already broke my promise. I feel like I've let myself down_comma_ again. Conversation: I told myself I wouldn't eat after 10 pm yesterday and I already broke my promise. I feel like I've let myself down_comma_ again. Its okay_comma_ you can learn from it I am so disappointed in myself. I can never do anything right! Dont be so hard on yourseld What is ziplining?,empathetic_dialogues,train,disappointed,Situation: I told myself I wouldn't eat after 10 pm yesterday and I already broke my promise. I feel like I've let myself down_comma_ again. Conversation: I told myself I wouldn't eat after 10 pm yesterday and I already broke my promise. I feel like I've let myself down_comma_ again. Its okay_comma_ you can learn from it I am so disappointed in myself. I can never do anything right! Dont be so hard on yourseld What is ziplining?,78,personal_growth,1,career_and_work,0,1,False,,,
empathetic_hit:9641_conv:19283,Situation: the future is looking bright Conversation: I was looking though the window today and the beautiful sight outside the window gave me a positive outlook on life and made me realise to work harder for my future i am feeling motivated_comma_ i want to be financially free and continue to learn and develop myself even more,empathetic_dialogues,validation,hopeful,Situation: the future is looking bright Conversation: I was looking though the window today and the beautiful sight outside the window gave me a positive outlook on life and made me realise to work harder for my future i am feeling motivated_comma_ i want to be financially free and continue to learn and develop myself even more,57,personal_growth,2,career_and_work,1,1,False,,,
empathetic_hit:11565_conv:23130,Situation: I fully trust in my intuition and dreams.  They have gotten me this far and I'm going all the way to the top Conversation: These days I'm trusting my intuition and following my gut to achieve my goals.  They've gotten me this far and haven't let me down yet your intuition seems to be trustful and the right way to go Yup fully self-employed paying my own bills and own my own car...finally feel like an adult_comma_ bout damn time must be great to have that feeling of accomplishment and independent.,empathetic_dialogues,train,faithful,Situation: I fully trust in my intuition and dreams. They have gotten me this far and I'm going all the way to the top Conversation: These days I'm trusting my intuition and following my gut to achieve my goals. They've gotten me this far and haven't let me down yet your intuition seems to be trustful and the right way to go Yup fully self-employed paying my own bills and own my own car...finally feel like an adult_comma_ bout damn time must be great to have that feeling of accomplishment and independent.,92,personal_growth,2,financial_concerns,1,1,False,,,
empathetic_hit:6780_conv:13561,Situation: The time I saw my first NHL game live_comma_ it was in montreal. Conversation: Seeing the bruins play on the ice was amazing. My favorite team used to the Bruins_comma_ but then I moved They pass the puck so amazingly it was crisp. Did you sit close to the ice? I was 5 rows up from the blue line_comma_ saw 2 goals by Chara. Amazing_comma_ I love Chara He's been a great captain all these years.,empathetic_dialogues,train,impressed,Situation: The time I saw my first NHL game live_comma_ it was in montreal. Conversation: Seeing the bruins play on the ice was amazing. My favorite team used to the Bruins_comma_ but then I moved They pass the puck so amazingly it was crisp. Did you sit close to the ice? I was 5 rows up from the blue line_comma_ saw 2 goals by Chara. Amazing_comma_ I love Chara He's been a great captain all these years.,77,personal_growth,1,daily_life,1,0,True,,,
empathetic_hit:10745_conv:21491,Situation: One day I walked into a room full of smoke.  My father use to smoke and he was not always nice so it reminded me of him.  As i walked into the room I thought of all the mean things he had done. Conversation: maybe you shouldn't have gone in that room. Why? what is in that room? The smoke you did not like because it reminded you of you're fathers smoking habit. The same habit that I took up It's a very hard habit to quit.,empathetic_dialogues,train,apprehensive,Situation: One day I walked into a room full of smoke. My father use to smoke and he was not always nice so it reminded me of him. As i walked into the room I thought of all the mean things he had done. Conversation: maybe you shouldn't have gone in that room. Why? what is in that room? The smoke you did not like because it reminded you of you're fathers smoking habit. The same habit that I took up It's a very hard habit to quit.,88,personal_growth,3,family,1,2,False,,,
empathetic_hit:4963_conv:9927,Situation: I am sure we are about to enter a economic recession in the near future. Conversation: I am sure we are about to enter a economic recession in the near future. The economy is cyclical so it is bound to happen eventually. And Trump is not helping at all Well the last time the economy was bad we had a different president. It is hard to say why recessions happen.,empathetic_dialogues,train,anticipating,Situation: I am sure we are about to enter a economic recession in the near future. Conversation: I am sure we are about to enter a economic recession in the near future. The economy is cyclical so it is bound to happen eventually. And Trump is not helping at all Well the last time the economy was bad we had a different president. It is hard to say why recessions happen.,71,personal_growth,2,career_and_work,0,2,False,,,
empathetic_hit:12264_conv:24528,Situation: I feel good about the progress I've made with lifting Conversation: I grew up pretty skinny and now that I've grown some muscle I feel a lot more comfortable in my skin around 9 months_comma_ been pretty slow to make progress but overall it's been solid,empathetic_dialogues,test,proud,Situation: I feel good about the progress I've made with lifting Conversation: I grew up pretty skinny and now that I've grown some muscle I feel a lot more comfortable in my skin around 9 months_comma_ been pretty slow to make progress but overall it's been solid,47,personal_growth,2,career_and_work,0,2,False,,,
empathetic_hit:5228_conv:10456,Situation: I'm stoked for when I get my big break.  Don't know when it's coming and I know I'll probably have to put up with a bunch of crap. But I'm willing to go through whatever I was put on this Earth to reach the pinnacle of success in this life Conversation: I'm looking forward to my big break.  Don't know when it is but I know it'll be in this life because I've been at ground zero and am willing to go through more hell just to reach the decadent_comma_ prestigious pinnacle of material success in this lifetime and nothing can stop me Sounds like a goal to me. Good luck! Thanks for you support. You're welcome. Goals is what makes life matters sometimes.,empathetic_dialogues,train,anticipating,Situation: I'm stoked for when I get my big break. Don't know when it's coming and I know I'll probably have to put up with a bunch of crap. But I'm willing to go through whatever I was put on this Earth to reach the pinnacle of success in this life Conversation: I'm looking forward to my big break. Don't know when it is but I know it'll be in this life because I've been at ground zero and am willing to go through more hell just to reach the decadent_comma_ prestigious pinnacle of material success in this lifetime and nothing can stop me Sounds like a goal to me. Good luck! Thanks for you support. You're welcome. Goals is what makes life matters sometimes.,125,personal_growth,2,career_and_work,0,2,False,,,
empathetic_hit:10351_conv:20702,Situation: i have faith in a brighter future Conversation: i have faith in a brighter future I hope you are right. i believe in society and the work the government is providing for us! why is that because they are just very trustworthy! Where do you live?  Cause it isn't in the US.,empathetic_dialogues,train,faithful,Situation: i have faith in a brighter future Conversation: i have faith in a brighter future I hope you are right. i believe in society and the work the government is providing for us! why is that because they are just very trustworthy! Where do you live? Cause it isn't in the US.,53,personal_growth,2,career_and_work,1,1,False,,,
empathetic_hit:11923_conv:23847,Situation: my feelings might hurt me in the future Conversation: i am nervous and scared of my feelings_comma_ i feel like in the future they will hurt me nothing so far_comma_ but it's what migh thappen in the future,empathetic_dialogues,validation,afraid,Situation: my feelings might hurt me in the future Conversation: i am nervous and scared of my feelings_comma_ i feel like in the future they will hurt me nothing so far_comma_ but it's what migh thappen in the future,39,personal_growth,3,stress_and_anxiety,2,1,False,,,
empathetic_hit:6054_conv:12109,Situation: I'm really pumped to get my new treadmill and get to exercising.  Need to get back in shape. Conversation: I'm really pumped to get my new treadmill and get to exercising Treadmills are great! I find that they're better your knees than running outside. Yeah_comma_ and I'm not quite ready for running outside.  I'm really motivated though to get back in shape! That's awesome to hear! We only get one body_comma_ we need to take care of it. Good luck!,empathetic_dialogues,train,excited,Situation: I'm really pumped to get my new treadmill and get to exercising. Need to get back in shape. Conversation: I'm really pumped to get my new treadmill and get to exercising Treadmills are great! I find that they're better your knees than running outside. Yeah_comma_ and I'm not quite ready for running outside. I'm really motivated though to get back in shape! That's awesome to hear! We only get one body_comma_ we need to take care of it. Good luck!,81,personal_growth,1,career_and_work,0,1,False,,,
empathetic_hit:9800_conv:19601,Situation: When I lost 20 pounds_comma_ I was very happy of my achievement. Conversation: When I lost 20 pounds_comma_ I was very happy of my achievement. I bet_comma_ that is a great achievment! Loosing weight is hard! Keeping it off is even harder. Yes_comma_ I know. It is very difficult for me to keep it off. I am trying very hard. You can do it! Keep up the hard work :),empathetic_dialogues,train,proud,Situation: When I lost 20 pounds_comma_ I was very happy of my achievement. Conversation: When I lost 20 pounds_comma_ I was very happy of my achievement. I bet_comma_ that is a great achievment! Loosing weight is hard! Keeping it off is even harder. Yes_comma_ I know. It is very difficult for me to keep it off. I am trying very hard. You can do it! Keep up the hard work :),71,personal_growth,2,career_and_work,1,1,False,,,
empathetic_hit:4004_conv:8009,Situation: My friend who trains with me has been training for the same amount of time but looks much better than I do. Conversation: I have a friend who's been weight lifting with me for years now and he looks better than me. I wish I had his genetics! Oh_comma_ I totally understand.  It's frustrating when you feel like you're putting in the same effort (or more!) and it works better for other people. It sure is frustrating_comma_ but I can't say I haven't made great progress myself. But his progress is insane! Well_comma_ it's good that at least you're making progress!  It would be crazy frustrating if you weren't.  Congrats on your hard work paying off.,empathetic_dialogues,train,jealous,Situation: My friend who trains with me has been training for the same amount of time but looks much better than I do. Conversation: I have a friend who's been weight lifting with me for years now and he looks better than me. I wish I had his genetics! Oh_comma_ I totally understand. It's frustrating when you feel like you're putting in the same effort (or more!) and it works better for other people. It sure is frustrating_comma_ but I can't say I haven't made great progress myself. But his progress is insane! Well_comma_ it's good that at least you're making progress! It would be crazy frustrating if you weren't. Congrats on your hard work paying off.,117,personal_growth,3,relationships,2,1,False,,,
empathetic_hit:909_conv:1819,Situation: I was shocked when the Eagles won the Super Bowl. Conversation: I was shocked when the Eagles won the Super Bowl. Yes_comma_ I think everyone was shocked! The real question is_comma_ were you happy? I was very happy. That's awesome.. Hopefully they win again in the future!,empathetic_dialogues,train,surprised,Situation: I was shocked when the Eagles won the Super Bowl. Conversation: I was shocked when the Eagles won the Super Bowl. Yes_comma_ I think everyone was shocked! The real question is_comma_ were you happy? I was very happy. That's awesome.. Hopefully they win again in the future!,48,personal_growth,1,career_and_work,0,1,False,,,
empathetic_hit:3736_conv:7473,Situation: I was upset when my dog tore up my living room couch Conversation: I was very upset when I came home to find that my dog had torn up my living room sofa. That's horrible_comma_ but looking back in the future it will be funny hopefully. My dog I thought had been trained_comma_ but she clearly had not!,empathetic_dialogues,test,angry,Situation: I was upset when my dog tore up my living room couch Conversation: I was very upset when I came home to find that my dog had torn up my living room sofa. That's horrible_comma_ but looking back in the future it will be funny hopefully. My dog I thought had been trained_comma_ but she clearly had not!,59,personal_growth,1,career_and_work,0,1,False,,,
empathetic_hit:11467_conv:22934,Situation: I was at the store and the salesman was really pushy. Conversation: I was looking at some new cars. but the salesman was really pushy Ugh_comma_ thats the worst_comma_ especially when you just strictly looking. Were you planning on buying? Im not sure I just needed someting realible you know? Yeah. Pushy salespeople are so annoying though! They accomplish the opposite of their goal when they become too overpowering over their customers.,empathetic_dialogues,train,apprehensive,Situation: I was at the store and the salesman was really pushy. Conversation: I was looking at some new cars. but the salesman was really pushy Ugh_comma_ thats the worst_comma_ especially when you just strictly looking. Were you planning on buying? Im not sure I just needed someting realible you know? Yeah. Pushy salespeople are so annoying though! They accomplish the opposite of their goal when they become too overpowering over their customers.,73,personal_growth,1,daily_life,1,0,True,,,
empathetic_hit:4048_conv:8096,Situation: I am a little fat. I feel ashame when I have to change clothes in the men locker room. Conversation: I am fat. I feel ashame when I have to change clothes in the men locker room. That's too bad.  Have you given serious thought to trying to lose weight? I am trying but I never reach my goals. Hmmm.   I encourage you to keep trying.   Even if you don't ge tto your dieal weight_comma_ just getting halfway would show trememndous progress.,empathetic_dialogues,train,ashamed,Situation: I am a little fat. I feel ashame when I have to change clothes in the men locker room. Conversation: I am fat. I feel ashame when I have to change clothes in the men locker room. That's too bad. Have you given serious thought to trying to lose weight? I am trying but I never reach my goals. Hmmm. I encourage you to keep trying. Even if you don't ge tto your dieal weight_comma_ just getting halfway would show trememndous progress.,83,personal_growth,2,health_and_wellness,1,1,False,,,
empathetic_hit:839_conv:1679,Situation: I bought a house at the young age of 25. I worked really hard to get were I wanted. I deserve the best out of my life. Conversation: Congratulations! You deserve it! /Am not sure_comma_ what i deserve Buying a house is house is a huge accomplishment! oh thank you!! for your wishes!! You are more than welcome :),empathetic_dialogues,train,impressed,Situation: I bought a house at the young age of 25. I worked really hard to get were I wanted. I deserve the best out of my life. Conversation: Congratulations! You deserve it! /Am not sure_comma_ what i deserve Buying a house is house is a huge accomplishment! oh thank you!! for your wishes!! You are more than welcome :),60,personal_growth,1,career_and_work,0,1,False,,,
empathetic_hit:12246_conv:24493,Situation: Not being able to reach my goals Conversation: I wasn't able to reach my goals in the gym a couple days ago_comma_ and it helped me realize where I'm slacking off in other areas Yeah_comma_ it's fun to see how much you can conquer yourself_comma_ and it's nice to be able to see how you're changing,empathetic_dialogues,test,angry,Situation: Not being able to reach my goals Conversation: I wasn't able to reach my goals in the gym a couple days ago_comma_ and it helped me realize where I'm slacking off in other areas Yeah_comma_ it's fun to see how much you can conquer yourself_comma_ and it's nice to be able to see how you're changing,57,personal_growth,2,career_and_work,0,2,False,,,
empathetic_hit:11003_conv:22006,Situation: My best friend is returning to college after an academic suspension.  I hope that this semester will be different since I'm taking the same classes as her. Conversation: My best friend is finally able to come back to school after an academic suspension. That's good!  Was there a reason for the suspension? She had failed too many classes.  We're in the same classes this semester_comma_ so that should help keep her on track. It'll be good for her to have your support_comma_ so hopefully she'll do better this semester. Thanks!  I hope so as well.,empathetic_dialogues,train,hopeful,Situation: My best friend is returning to college after an academic suspension. I hope that this semester will be different since I'm taking the same classes as her. Conversation: My best friend is finally able to come back to school after an academic suspension. That's good! Was there a reason for the suspension? She had failed too many classes. We're in the same classes this semester_comma_ so that should help keep her on track. It'll be good for her to have your support_comma_ so hopefully she'll do better this semester. Thanks! I hope so as well.,96,relationships,4,education,2,2,False,,,
empathetic_hit:9612_conv:19225,Situation: I came home from grocery shopping to find that my husband had cleaned the entire house up and started dinner.  I was amazed. Conversation: I came home from grocery shopping to find that my husband had cleaned the entire house up and started dinner. I was amazed. Wow that must of been such a great surprise. It was. He's not a muti-tasker_comma_ which is fine_comma_ and I was surprised that he got it all done in the 1.5 hours I was gone. Dang he should clean my house too then while i am gone.,empathetic_dialogues,train,impressed,Situation: I came home from grocery shopping to find that my husband had cleaned the entire house up and started dinner. I was amazed. Conversation: I came home from grocery shopping to find that my husband had cleaned the entire house up and started dinner. I was amazed. Wow that must of been such a great surprise. It was. He's not a muti-tasker_comma_ which is fine_comma_ and I was surprised that he got it all done in the 1.5 hours I was gone. Dang he should clean my house too then while i am gone.,95,relationships,2,daily_life,2,0,True,,,
empathetic_hit:1143_conv:2286,Situation: My friends went out yesterday_comma_ but they didn't invite me. Conversation: I got on social media yesterday and saw that my friends went to a party_comma_ but they didn't invite me. No_comma_ sometimes I feel like they just don't understand me.,empathetic_dialogues,validation,lonely,Situation: My friends went out yesterday_comma_ but they didn't invite me. Conversation: I got on social media yesterday and saw that my friends went to a party_comma_ but they didn't invite me. No_comma_ sometimes I feel like they just don't understand me.,42,relationships,2,career_and_work,0,2,False,,,
empathetic_hit:2574_conv:5149,Situation: My girlfriend showed me the scariest YouTube video last night and it freaked me out. Conversation: I am a bit freaked out at the moment. Aww!  Tell me about it will you? My girlfriend showed me a very scary YouTube video last night and I can't stop thinking about how scary it was. You should go to reddit.com/r/eyebleach.  There's nothing there but cute and nice things to look at.  It will ease your soul.,empathetic_dialogues,train,afraid,Situation: My girlfriend showed me the scariest YouTube video last night and it freaked me out. Conversation: I am a bit freaked out at the moment. Aww! Tell me about it will you? My girlfriend showed me a very scary YouTube video last night and I can't stop thinking about how scary it was. You should go to reddit.com/r/eyebleach. There's nothing there but cute and nice things to look at. It will ease your soul.,75,relationships,2,career_and_work,0,2,False,,,
empathetic_hit:12252_conv:24505,Situation: I was out with my guy friends last weekend. A girl approached me and wanted my number but I told her no because I have a girlfriend. Conversation: I was out with my guy friends last weekend. A girl approached me and wanted my number but I told her no because I have a girlfriend. That is faithful_comma_ you are a good dude Yea I have a great girl. I have no reason to get with other girls. That is good_comma_ they are hard to find,empathetic_dialogues,train,faithful,Situation: I was out with my guy friends last weekend. A girl approached me and wanted my number but I told her no because I have a girlfriend. Conversation: I was out with my guy friends last weekend. A girl approached me and wanted my number but I told her no because I have a girlfriend. That is faithful_comma_ you are a good dude Yea I have a great girl. I have no reason to get with other girls. That is good_comma_ they are hard to find,87,relationships,4,daily_life,2,2,False,,,
empathetic_hit:6851_conv:13703,Situation: I haven't seen my best friend in a long time. She's supposed to be coming next week_comma_ but may not be able to come. I hope she can_comma_ though. Conversation: My best friend is supposed to come over next week_comma_ but due to weather she may not come until later. I really miss her so I hope she visits soon. Oh that stinks. Does she live far away? She lives in Alaska and I live in Indiana_comma_ so it's a bit far! And I don't have many real friends so I've been feeling a bit lonely. I completely understand that. I'm so busy I hardly socialize at all.,empathetic_dialogues,train,hopeful,Situation: I haven't seen my best friend in a long time. She's supposed to be coming next week_comma_ but may not be able to come. I hope she can_comma_ though. Conversation: My best friend is supposed to come over next week_comma_ but due to weather she may not come until later. I really miss her so I hope she visits soon. Oh that stinks. Does she live far away? She lives in Alaska and I live in Indiana_comma_ so it's a bit far! And I don't have many real friends so I've been feeling a bit lonely. I completely understand that. I'm so busy I hardly socialize at all.,109,relationships,5,loneliness,1,4,False,,,
empathetic_hit:11477_conv:22955,Situation: I haven't seen my girlfriend in a week_comma_ I'm feeling pretty alone at the moment. I need some quality time. Conversation: I haven't seen my girlfriend in a week_comma_ I'm feeling pretty alone at the moment. I need some quality time i hear ya there yeah man just need some companionship. Good thing I got you. oh boy,empathetic_dialogues,train,lonely,Situation: I haven't seen my girlfriend in a week_comma_ I'm feeling pretty alone at the moment. I need some quality time. Conversation: I haven't seen my girlfriend in a week_comma_ I'm feeling pretty alone at the moment. I need some quality time i hear ya there yeah man just need some companionship. Good thing I got you. oh boy,59,relationships,2,loneliness,2,0,True,,,
empathetic_hit:3882_conv:7764,Situation: I cooked my wife dinner because I love her Conversation: My wife came home to an entire table of food I cooked.  I like to show her that I love her. So many people don't take the time anymore. It's so nice to hear you did that for her! I am the type of guy who wants you to know exactly how I feel about you. She's one lucky gal. How long have you two been married?,empathetic_dialogues,train,caring,Situation: I cooked my wife dinner because I love her Conversation: My wife came home to an entire table of food I cooked. I like to show her that I love her. So many people don't take the time anymore. It's so nice to hear you did that for her! I am the type of guy who wants you to know exactly how I feel about you. She's one lucky gal. How long have you two been married?,78,relationships,3,daily_life,1,2,False,,,
empathetic_hit:3419_conv:6839,Situation: I found an old picture of my Great Grandparents when they were first married.  I rembeber both of them fondly. Conversation: I found an old picture in a box of my Great Grandparents. Not visibly.  It was a picture from their wedding day and it brought a smile to my face to see them so young.,empathetic_dialogues,test,sentimental,Situation: I found an old picture of my Great Grandparents when they were first married. I rembeber both of them fondly. Conversation: I found an old picture in a box of my Great Grandparents. Not visibly. It was a picture from their wedding day and it brought a smile to my face to see them so young.,57,relationships,1,career_and_work,0,1,False,,,
empathetic_hit:5009_conv:10019,Situation: A friend of mine bought a new car.  It was a model I had my eye on for some time Conversation: A friend of mine bought a new car Tesla_comma_ I've had my eye on the model for some time,empathetic_dialogues,validation,jealous,Situation: A friend of mine bought a new car. It was a model I had my eye on for some time Conversation: A friend of mine bought a new car Tesla_comma_ I've had my eye on the model for some time,41,relationships,2,daily_life,2,0,True,,,
empathetic_hit:10749_conv:21499,"Situation: I still believe my hubby will remember our anniversary_comma_ cos he always forget Conversation: I still believe my hubby will remember our anniversary_comma_ cos he always forget"". I'm sorry to hear that. are you angry at him? No he's the forgetting type but romantic_comma_ he promised he will never forget again well you better make sure of that. tell him if he forgets again you'll divorce him",empathetic_dialogues,train,hopeful,"Situation: I still believe my hubby will remember our anniversary_comma_ cos he always forget Conversation: I still believe my hubby will remember our anniversary_comma_ cos he always forget"". I'm sorry to hear that. are you angry at him? No he's the forgetting type but romantic_comma_ he promised he will never forget again well you better make sure of that. tell him if he forgets again you'll divorce him",68,relationships,1,career_and_work,0,1,False,,,
empathetic_hit:10259_conv:20519,"Situation: I really believed my boyfriend when he told me that he loved me. Conversation: I don't know why my boyfriend lied to me about seeing another woman. I thought he loved me. Do you think it's possible that he does still love you and also made a horrible mistake? I'm not sure_comma_ but I'm hoping that he will realize he's messed up. I think that when people cheat and lie_comma_ it's because something is wrong with them and not their partner.  If he doesn't realize his mistake_comma_ then he doesn't deserve your love.  I wish you all the best! Thank you so much. Hopefully_comma_ it all works out_comma_ and he comes back to me. I hope you realize your worth too. I do this thing where I think about another woman in my life who I really care about (mom_comma_ daughter_comma_ etc.) and I think ""if this was happening to them_comma_ what kind of advice would I give them?""  Sometimes_comma_ we think we deserve less.",empathetic_dialogues,train,trusting,"Situation: I really believed my boyfriend when he told me that he loved me. Conversation: I don't know why my boyfriend lied to me about seeing another woman. I thought he loved me. Do you think it's possible that he does still love you and also made a horrible mistake? I'm not sure_comma_ but I'm hoping that he will realize he's messed up. I think that when people cheat and lie_comma_ it's because something is wrong with them and not their partner. If he doesn't realize his mistake_comma_ then he doesn't deserve your love. I wish you all the best! Thank you so much. Hopefully_comma_ it all works out_comma_ and he comes back to me. I hope you realize your worth too. I do this thing where I think about another woman in my life who I really care about (mom_comma_ daughter_comma_ etc.) and I think ""if this was happening to them_comma_ what kind of advice would I give them?"" Sometimes_comma_ we think we deserve less.",166,relationships,3,career_and_work,0,3,False,,,
empathetic_hit:5614_conv:11229,Situation: I mistakenly hugged another girl instead of my girlfriend. Conversation: I mistakenly hugged another girl instead of my girlfriend. Oh man. Was she mad? You bet she was! I really thought it was her. Should've worn my glasses. Dang. Well_comma_ I am sure you won't make that mistake in the future!,empathetic_dialogues,train,embarrassed,Situation: I mistakenly hugged another girl instead of my girlfriend. Conversation: I mistakenly hugged another girl instead of my girlfriend. Oh man. Was she mad? You bet she was! I really thought it was her. Should've worn my glasses. Dang. Well_comma_ I am sure you won't make that mistake in the future!,52,relationships,2,personal_growth,1,1,False,,,
empathetic_hit:768_conv:1536,Situation: Someone at the store called my name.  I introduced them to my husband and used the wrong name! Conversation: I was at the store the other day with my husband.  A friend called my name and we went over to see them. What were you guys looking to buy? We were just getting groceries_comma_ but I introduced the friend to my husband and used the wrong name!!! I've done that more than once_comma_ I'm terrible at names,empathetic_dialogues,train,embarrassed,Situation: Someone at the store called my name. I introduced them to my husband and used the wrong name! Conversation: I was at the store the other day with my husband. A friend called my name and we went over to see them. What were you guys looking to buy? We were just getting groceries_comma_ but I introduced the friend to my husband and used the wrong name!!! I've done that more than once_comma_ I'm terrible at names,78,relationships,5,daily_life,2,3,False,,,
empathetic_hit:2679_conv:5359,Situation: I was supposed to bring my wife flowers for her birthday but I forgot to do that. I feel really terrible for this. Conversation: I had planned to get my wife flowers for her birthday but I completly forgot. I feel very upset about having forgotten and think she'll hate me. Is there still time to get one? You can if you hurry! Well it was a few days ago. I'd still be late. Hmm I think you should make it up to her somehow. Take her to an expensive dinner.,empathetic_dialogues,train,guilty,Situation: I was supposed to bring my wife flowers for her birthday but I forgot to do that. I feel really terrible for this. Conversation: I had planned to get my wife flowers for her birthday but I completly forgot. I feel very upset about having forgotten and think she'll hate me. Is there still time to get one? You can if you hurry! Well it was a few days ago. I'd still be late. Hmm I think you should make it up to her somehow. Take her to an expensive dinner.,92,relationships,2,daily_life,2,0,True,,,
empathetic_hit:9068_conv:18136,Situation: Today I thought i saw a good friend and the mall and started waving like crazy...... it wasn't her lol Conversation: Today I thought i saw a good friend and the mall and started waving like crazy...... it wasn't her lol oh that was awkward Yes I just went into a store and hid lol probably the best option,empathetic_dialogues,train,embarrassed,Situation: Today I thought i saw a good friend and the mall and started waving like crazy...... it wasn't her lol Conversation: Today I thought i saw a good friend and the mall and started waving like crazy...... it wasn't her lol oh that was awkward Yes I just went into a store and hid lol probably the best option,60,relationships,2,daily_life,1,1,False,,,
empathetic_hit:11597_conv:23195,Situation: My friend took me skiing_comma_ it was my first time skiing. Conversation: My friend took me skiing_comma_ it was actually my first time skiing. Did you fall a lot? Yes I did at first_comma_ until I got the hang of it. Well have fun on the triple black diamond! Ok I will try to have as much fun.,empathetic_dialogues,train,trusting,Situation: My friend took me skiing_comma_ it was my first time skiing. Conversation: My friend took me skiing_comma_ it was actually my first time skiing. Did you fall a lot? Yes I did at first_comma_ until I got the hang of it. Well have fun on the triple black diamond! Ok I will try to have as much fun.,59,relationships,2,career_and_work,0,2,False,,,
empathetic_hit:5153_conv:10307,Situation: i got a surprise gift in the mail Conversation: one time on my birthday i never expect much to me is just a regular day _comma_ then i get a package in the mail it was copic markers my friend mailed them to me from another state i was so happy wow surprise gifts are the best! i know she even put a little message on it _comma_ i will never forget that day what a good friend. I'm glad you had a good birthday,empathetic_dialogues,train,joyful,Situation: i got a surprise gift in the mail Conversation: one time on my birthday i never expect much to me is just a regular day _comma_ then i get a package in the mail it was copic markers my friend mailed them to me from another state i was so happy wow surprise gifts are the best! i know she even put a little message on it _comma_ i will never forget that day what a good friend. I'm glad you had a good birthday,86,relationships,2,daily_life,2,0,True,,,
empathetic_hit:3828_conv:7657,Situation: I completely ate the last cupcake even though I know my husband will want one when he gets home. I feel terrible but it was so good. Conversation: I completely ate the last cupcake even though I know my husband will want one when he gets home. Should I go get some more? Right! It's almost like_comma_ you knew this was going to happen. I feel terrible but it was so good lol. I'll get him some more tomorrow!,empathetic_dialogues,validation,guilty,Situation: I completely ate the last cupcake even though I know my husband will want one when he gets home. I feel terrible but it was so good. Conversation: I completely ate the last cupcake even though I know my husband will want one when he gets home. Should I go get some more? Right! It's almost like_comma_ you knew this was going to happen. I feel terrible but it was so good lol. I'll get him some more tomorrow!,80,relationships,2,career_and_work,0,2,False,,,
empathetic_hit:702_conv:1405,Situation: I feel depressed. I might be kicked out of house soon_comma_ live on my own without wife and child. Conversation: I feel depressed. oh no why? I might have to live on my own without wife and child. That is_comma_ if she plans to kick me out of the house eventually. That sucks. I couldn't be without my kids. Maybe you should go to counseling.,empathetic_dialogues,train,sad,Situation: I feel depressed. I might be kicked out of house soon_comma_ live on my own without wife and child. Conversation: I feel depressed. oh no why? I might have to live on my own without wife and child. That is_comma_ if she plans to kick me out of the house eventually. That sucks. I couldn't be without my kids. Maybe you should go to counseling.,66,relationships,2,family,2,0,True,,,
empathetic_hit:10959_conv:21919,Situation: I was in a rush this morning and I dressed my self in stained clothes. I feel so dirty today. :( Conversation: I was in a rush this morning and I dressed my self in stained clothes. I feel so dirty today. :( Not today. I just feel insecure about it_comma_ like everyone is looking at me. It is probably just all in my head.,empathetic_dialogues,validation,embarrassed,Situation: I was in a rush this morning and I dressed my self in stained clothes. I feel so dirty today. :( Conversation: I was in a rush this morning and I dressed my self in stained clothes. I feel so dirty today. :( Not today. I just feel insecure about it_comma_ like everyone is looking at me. It is probably just all in my head.,66,self_confidence,1,career_and_work,0,1,False,,,
empathetic_hit:3052_conv:6105,Situation: My pants fell down while at church today. Conversation: My pants feel down while at church today. Wow that must have been embarrassing. Yes_comma_ luckily I had my underwear on that day. That is so true!,empathetic_dialogues,train,embarrassed,Situation: My pants fell down while at church today. Conversation: My pants feel down while at church today. Wow that must have been embarrassing. Yes_comma_ luckily I had my underwear on that day. That is so true!,37,self_confidence,1,career_and_work,0,1,False,,,
empathetic_hit:12390_conv:24780,Situation: I felt so embarrassed yesterday. I walked out of the bathroom with some toilet paper stuck to my shoe. Conversation: I felt so embarrassed yesterday. Why_comma_ what happened to make you feel that I walked out of the bathroom with some toilet paper stuck to my shoe. Nice_comma_ I never understood why that's embarassing haha,empathetic_dialogues,train,ashamed,Situation: I felt so embarrassed yesterday. I walked out of the bathroom with some toilet paper stuck to my shoe. Conversation: I felt so embarrassed yesterday. Why_comma_ what happened to make you feel that I walked out of the bathroom with some toilet paper stuck to my shoe. Nice_comma_ I never understood why that's embarassing haha,56,self_confidence,2,career_and_work,0,2,False,,,
empathetic_hit:3585_conv:7170,Situation: I am embarrased because I was just going to get coffee and when I left the shop I slipped and fell.. Conversation: Hi friend_comma_ you should have seen what just happened to me.. what happened? I done slipped and fell all over the ground_comma_ it was so embarrassing. Oh my_comma_ I hope you are ok. Yea I did have coffee too but luckily none of it got on me and I am fine.,empathetic_dialogues,train,embarrassed,Situation: I am embarrased because I was just going to get coffee and when I left the shop I slipped and fell.. Conversation: Hi friend_comma_ you should have seen what just happened to me.. what happened? I done slipped and fell all over the ground_comma_ it was so embarrassing. Oh my_comma_ I hope you are ok. Yea I did have coffee too but luckily none of it got on me and I am fine.,74,self_confidence,1,career_and_work,0,1,False,,,
empathetic_hit:6475_conv:12950,Situation: I bought a fresh suit and got a nice haircut. Conversation: So I just bought a new suit and got myself a fresh haircut after a long time! Nice. Is there a special occasion? Yea its my first date in 5 years. I am feeling really confident about it now. Good. A haircut always makes me feel more confident,empathetic_dialogues,train,confident,Situation: I bought a fresh suit and got a nice haircut. Conversation: So I just bought a new suit and got myself a fresh haircut after a long time! Nice. Is there a special occasion? Yea its my first date in 5 years. I am feeling really confident about it now. Good. A haircut always makes me feel more confident,60,self_confidence,2,relationships,1,1,False,,,
empathetic_hit:3927_conv:7855,Situation: I was embarrassed when I realized my zipper had been down all day at school. It was sad Conversation: I was embarrassed when my zipper was down all day. I did not realize it until I got home Sucks that no one told you! I know_comma_ oh well It happens. I hope you're not too embarassed.,empathetic_dialogues,train,embarrassed,Situation: I was embarrassed when I realized my zipper had been down all day at school. It was sad Conversation: I was embarrassed when my zipper was down all day. I did not realize it until I got home Sucks that no one told you! I know_comma_ oh well It happens. I hope you're not too embarassed.,57,self_confidence,2,education,1,1,False,,,
empathetic_hit:678_conv:1357,Situation: When playing squash_comma_ I feel very confident Conversation: I enjoy playing squash and I always feel confident when I am on court. Woow_comma_ are you really good in the court? I think I am at my level. I generally win most of my matches. Woow_comma_ I guess I will like to play you someday,empathetic_dialogues,train,confident,Situation: When playing squash_comma_ I feel very confident Conversation: I enjoy playing squash and I always feel confident when I am on court. Woow_comma_ are you really good in the court? I think I am at my level. I generally win most of my matches. Woow_comma_ I guess I will like to play you someday,55,self_confidence,2,career_and_work,0,2,False,,,
empathetic_hit:11462_conv:22924,Situation: Last winter I went to the pharmacy to get flu medicine and actually threw up while waiting in line. It was extremely embarrassing. Conversation: Last winter I went to the local pharmacy to get flu meds and threw up while waiting in line. I was mortified and ashamed. Wow that is so terrible. But you must've been really ill_comma_ I'm sure everyone understood. I was just starting to feel bad and did not expect that to happen. I t just happened and I did not want to look at anyone or make eye contact. I wanted to crawl under the counter and hide. Oh my goodness_comma_ I can only imagine how horrible that was for you.,empathetic_dialogues,train,embarrassed,Situation: Last winter I went to the pharmacy to get flu medicine and actually threw up while waiting in line. It was extremely embarrassing. Conversation: Last winter I went to the local pharmacy to get flu meds and threw up while waiting in line. I was mortified and ashamed. Wow that is so terrible. But you must've been really ill_comma_ I'm sure everyone understood. I was just starting to feel bad and did not expect that to happen. I t just happened and I did not want to look at anyone or make eye contact. I wanted to crawl under the counter and hide. Oh my goodness_comma_ I can only imagine how horrible that was for you.,117,self_confidence,2,health_and_wellness,1,1,False,,,
empathetic_hit:4603_conv:9206,Situation: I got a new haircut and shaved my beard. Conversation: I got a new smart haircut and shave my shaggy beard yesterday! Cool. You should look totally different? Yes and people compliment me and I feel confident now. That is nice.,empathetic_dialogues,train,confident,Situation: I got a new haircut and shaved my beard. Conversation: I got a new smart haircut and shave my shaggy beard yesterday! Cool. You should look totally different? Yes and people compliment me and I feel confident now. That is nice.,42,self_confidence,1,career_and_work,0,1,False,,,
empathetic_hit:8753_conv:17507,Situation: after the entire semester of hard work_comma_ I found out that I failed the semester. Conversation: I worked hard the entire smesetr only yo fail again! What did you fail at exactly? stuoid math class_comma_ I try so hard and always have nothing to show for it. I am sorry to hear that_comma_ I hope you are able to succeed eventually!,empathetic_dialogues,train,devastated,Situation: after the entire semester of hard work_comma_ I found out that I failed the semester. Conversation: I worked hard the entire smesetr only yo fail again! What did you fail at exactly? stuoid math class_comma_ I try so hard and always have nothing to show for it. I am sorry to hear that_comma_ I hope you are able to succeed eventually!,62,self_confidence,1,career_and_work,0,1,False,,,
empathetic_hit:5823_conv:11646,Situation: I have been taking speech therapy classes. Conversation: I have been taking speech therapy classes to improve my stuttering problem! That's great_comma_ good for you for taking charge of the situation Thanks. I feel so much more confident now when speaking to people. I think it's so important to not let things like that bother us_comma_ I'm really pleased for you.,empathetic_dialogues,train,confident,Situation: I have been taking speech therapy classes. Conversation: I have been taking speech therapy classes to improve my stuttering problem! That's great_comma_ good for you for taking charge of the situation Thanks. I feel so much more confident now when speaking to people. I think it's so important to not let things like that bother us_comma_ I'm really pleased for you.,62,self_confidence,1,career_and_work,0,1,False,,,
empathetic_hit:9925_conv:19851,Situation: I have been doing so well at work. I feel my yearly review thats coming up will be very good. Conversation: My yearly review is coming up and I have been doing well this year. I really think I will. I dont expect less than that. I have confidence in it. I agree. I have no doubt it will go well. Thanks! I feel and have confidence it will be a good raise!,empathetic_dialogues,validation,anticipating,Situation: I have been doing so well at work. I feel my yearly review thats coming up will be very good. Conversation: My yearly review is coming up and I have been doing well this year. I really think I will. I dont expect less than that. I have confidence in it. I agree. I have no doubt it will go well. Thanks! I feel and have confidence it will be a good raise!,74,self_confidence,2,career_and_work,1,1,False,,,
empathetic_hit:741_conv:1483,Situation: When I got in trouble with the law for the first time_comma_ it was a shameful experience. I was more sad that I let me dad down. Conversation: I was ashamed when I got in trouble with the law. I was more ashamed of what my dad was going to think. It must have been embarrassing. Hope it ended well for you. I am here now thankfully_comma_ it was a learning experience for sure. I'm happy for you.,empathetic_dialogues,train,ashamed,Situation: When I got in trouble with the law for the first time_comma_ it was a shameful experience. I was more sad that I let me dad down. Conversation: I was ashamed when I got in trouble with the law. I was more ashamed of what my dad was going to think. It must have been embarrassing. Hope it ended well for you. I am here now thankfully_comma_ it was a learning experience for sure. I'm happy for you.,79,self_confidence,3,family,2,1,False,,,
empathetic_hit:1485_conv:2970,Situation: I was very ashamed when I found out I got cheated on. It really just took all the energy and hope out of me. Conversation: Hi friend. I feel very ashamed because I got cheated on. I feel very negative and just depleted of emotion. I trusted them. Well_comma_ that't not your fault at all. It's your scumbag significant other's fault. You shouldn't feel ashamed for the crummy thing he did - you did nothing wrong. Thank you I appreciate that. I just held him to such a high standard and he let me down. A lot. If he's not meeting your standard then it's time to find a new boyfriend - even if that's the hard thing to do. You shouldn't ever lower your standards.,empathetic_dialogues,train,disappointed,Situation: I was very ashamed when I found out I got cheated on. It really just took all the energy and hope out of me. Conversation: Hi friend. I feel very ashamed because I got cheated on. I feel very negative and just depleted of emotion. I trusted them. Well_comma_ that't not your fault at all. It's your scumbag significant other's fault. You shouldn't feel ashamed for the crummy thing he did - you did nothing wrong. Thank you I appreciate that. I just held him to such a high standard and he let me down. A lot. If he's not meeting your standard then it's time to find a new boyfriend - even if that's the hard thing to do. You shouldn't ever lower your standards.,127,self_confidence,3,relationships,2,1,False,,,
empathetic_hit:4747_conv:9494,Situation: I felt ashamed when I stole a candy bar from the store Conversation: One time I stole a candy bar from a store_comma_ I felt so ashamed it happens to everyone _comma_ i stole too Yeah but I feel like I should tell the owner its over with_comma_ dont even worry about it,empathetic_dialogues,train,guilty,Situation: I felt ashamed when I stole a candy bar from the store Conversation: One time I stole a candy bar from a store_comma_ I felt so ashamed it happens to everyone _comma_ i stole too Yeah but I feel like I should tell the owner its over with_comma_ dont even worry about it,54,self_confidence,2,stress_and_anxiety,1,1,False,,,
empathetic_hit:6320_conv:12641,Situation: My dog is getting neutered tomorrow.  I am confident he will be okay. Conversation: My dog is getting neutered tomorrow. That's a responsible decision on your part. Are you nervous about it? Somewhat_comma_ I am confident he will be okay. That's good. I am sure he will turn out happy and healthy!,empathetic_dialogues,train,hopeful,Situation: My dog is getting neutered tomorrow. I am confident he will be okay. Conversation: My dog is getting neutered tomorrow. That's a responsible decision on your part. Are you nervous about it? Somewhat_comma_ I am confident he will be okay. That's good. I am sure he will turn out happy and healthy!,53,self_confidence,2,stress_and_anxiety,1,1,False,,,
empathetic_hit:7401_conv:14803,Situation: it was suprising to see lebron leave the cavs a second time Conversation: it was suprising to see lebron leave the cavs a second time I actually don't know too much about basketball_comma_ so I really don't have a strong opinion on that. Is that a bad thing? no its just that a superstar player left the team and then returned only to leave a second time  takes a lot of guts to do I guess he's confident that he can do well with any team.,empathetic_dialogues,train,surprised,Situation: it was suprising to see lebron leave the cavs a second time Conversation: it was suprising to see lebron leave the cavs a second time I actually don't know too much about basketball_comma_ so I really don't have a strong opinion on that. Is that a bad thing? no its just that a superstar player left the team and then returned only to leave a second time takes a lot of guts to do I guess he's confident that he can do well with any team.,87,self_confidence,1,career_and_work,0,1,False,,,
empathetic_hit:427_conv:855,Situation: I slipped on a puddle and landed on my back in the middle of the mall once. All I could do is pretend that I was hurt to avoid embarrassment.. Conversation: I slipped on a puddle in the mall once. I was so embarrassed that I pretended I was hurt badly. Even animals get embarrassed_comma_ I've seen it in my cats. Yes_comma_ my cat fell from the mantle above the fireplace and looked totally embarrassed.,empathetic_dialogues,validation,ashamed,Situation: I slipped on a puddle and landed on my back in the middle of the mall once. All I could do is pretend that I was hurt to avoid embarrassment.. Conversation: I slipped on a puddle in the mall once. I was so embarrassed that I pretended I was hurt badly. Even animals get embarrassed_comma_ I've seen it in my cats. Yes_comma_ my cat fell from the mantle above the fireplace and looked totally embarrassed.,76,self_confidence,2,career_and_work,0,2,False,,,
empathetic_hit:2425_conv:4851,Situation: I ran a red light yesterday and got stopped by the cops. It was very traumatizing. Conversation: I ran a red light yesterday because I didn't think anyone was out on the road at 2AM. But a cop managed to nail me. oh man_comma_ i'm glad you didn't get into an accident though. please be careful next time. did he give you a ticket? I did get a ticket. I was so embarrassed because it was the first time I ever got one. At least he didn't take your driver's license and tow your car,empathetic_dialogues,train,embarrassed,Situation: I ran a red light yesterday and got stopped by the cops. It was very traumatizing. Conversation: I ran a red light yesterday because I didn't think anyone was out on the road at 2AM. But a cop managed to nail me. oh man_comma_ i'm glad you didn't get into an accident though. please be careful next time. did he give you a ticket? I did get a ticket. I was so embarrassed because it was the first time I ever got one. At least he didn't take your driver's license and tow your car,96,self_confidence,1,daily_life,1,0,True,,,
empathetic_hit:11857_conv:23714,Situation: my abilities_comma_ worked on kmeans algorithm Conversation: i feel like there is nothing that i can't do_comma_ i feel so powerful!  and smart! i just implemented a kmeans algorithm with my own method yup i am !  so so confident and i think this is a good trait to have,empathetic_dialogues,validation,confident,Situation: my abilities_comma_ worked on kmeans algorithm Conversation: i feel like there is nothing that i can't do_comma_ i feel so powerful! and smart! i just implemented a kmeans algorithm with my own method yup i am ! so so confident and i think this is a good trait to have,51,self_confidence,1,career_and_work,0,1,False,,,
empathetic_hit:2693_conv:5386,Situation: Our dog started barking a lot in the middle of the night. I was looking out the windows trying to see if someone was out there. It was too dark to see anything. Conversation: I'm so tired. I was awake for hours last night. Oh_comma_ sorry to hear that. I was under a lot of stress. What happened to you? Our dog was baking and I couldn't see what he was all upset about. He never bark like that. Oh no_comma_ sorry hope it wasn't a snake. My hound dog is alwayd barking. What was stressful for you? Yah_comma_ lost my job and trying to find a new one.,empathetic_dialogues,train,afraid,Situation: Our dog started barking a lot in the middle of the night. I was looking out the windows trying to see if someone was out there. It was too dark to see anything. Conversation: I'm so tired. I was awake for hours last night. Oh_comma_ sorry to hear that. I was under a lot of stress. What happened to you? Our dog was baking and I couldn't see what he was all upset about. He never bark like that. Oh no_comma_ sorry hope it wasn't a snake. My hound dog is alwayd barking. What was stressful for you? Yah_comma_ lost my job and trying to find a new one.,110,stress_and_anxiety,2,career_and_work,1,1,False,,,
empathetic_hit:130_conv:261,Situation: I am scared of how I will die. Conversation: I am scared of how I will die. I worry about that too occasionally_comma_ but I just push it to the back of my mind like usual. I hope mine isn't painful. I'm sure it won't be_comma_ most people die of old age around their friends and family in a peaceful way so just hope for that.,empathetic_dialogues,train,afraid,Situation: I am scared of how I will die. Conversation: I am scared of how I will die. I worry about that too occasionally_comma_ but I just push it to the back of my mind like usual. I hope mine isn't painful. I'm sure it won't be_comma_ most people die of old age around their friends and family in a peaceful way so just hope for that.,67,stress_and_anxiety,3,relationships,1,2,False,,,
empathetic_hit:1995_conv:3991,Situation: I recently flew for the first time on an airplane. My anxiety was through the roof! Conversation: I recently flew for the first time on an airplane! Wow! That must have been exciting. Were you nervous? My anxiety was through the roof_comma_ it was terrible! Oh_comma_ that sucks! Did you relax a bit after take off or were you anxious the whole time?,empathetic_dialogues,train,anxious,Situation: I recently flew for the first time on an airplane. My anxiety was through the roof! Conversation: I recently flew for the first time on an airplane! Wow! That must have been exciting. Were you nervous? My anxiety was through the roof_comma_ it was terrible! Oh_comma_ that sucks! Did you relax a bit after take off or were you anxious the whole time?,64,stress_and_anxiety,4,career_and_work,0,4,False,,,
empathetic_hit:4483_conv:8967,Situation: i tripped in public the other day Conversation: i tripped in public the other day which sucked that sucks_comma_ yeah.. did you hurt yourself/ no but i was quite ashamed to do that in front of so many people Well_comma_ true.. but it happens to the best of us_comma_ dont worry buddy,empathetic_dialogues,train,embarrassed,Situation: i tripped in public the other day Conversation: i tripped in public the other day which sucked that sucks_comma_ yeah.. did you hurt yourself/ no but i was quite ashamed to do that in front of so many people Well_comma_ true.. but it happens to the best of us_comma_ dont worry buddy,53,stress_and_anxiety,1,self_confidence,1,0,True,,,
empathetic_hit:11010_conv:22021,Situation: My son is getting ready for his senior year. I'm nervous about him leaving home next year. Conversation: My son is getting ready for his senior year in high school. I have mixed feelings about it! your are torn between him being a man but you still think of him being your little boy Yes. I'm so excited for him_comma_ but also I am so nervous. I'm worried about getting through the application process_comma_ and also worried about him leaving home. you will enjoy it as he grows older because you had a hand in it and know that he will be prepared for it Oh_comma_ I hope you are right! Right now I'm losing more sleep than I should!,empathetic_dialogues,train,apprehensive,Situation: My son is getting ready for his senior year. I'm nervous about him leaving home next year. Conversation: My son is getting ready for his senior year in high school. I have mixed feelings about it! your are torn between him being a man but you still think of him being your little boy Yes. I'm so excited for him_comma_ but also I am so nervous. I'm worried about getting through the application process_comma_ and also worried about him leaving home. you will enjoy it as he grows older because you had a hand in it and know that he will be prepared for it Oh_comma_ I hope you are right! Right now I'm losing more sleep than I should!,121,stress_and_anxiety,4,family,2,2,False,,,
empathetic_hit:278_conv:557,Situation: A spider dropped down in from of me while driving once. I almost lost it. Conversation: I had to compose myself and pull over to remove the spider. I'm so thankful that I didn't freak out and crash the car. It was very scary_comma_ i'm terrified of spiders. What are you afraid of?,empathetic_dialogues,validation,afraid,Situation: A spider dropped down in from of me while driving once. I almost lost it. Conversation: I had to compose myself and pull over to remove the spider. I'm so thankful that I didn't freak out and crash the car. It was very scary_comma_ i'm terrified of spiders. What are you afraid of?,54,stress_and_anxiety,1,daily_life,1,0,True,,,
empathetic_hit:389_conv:778,Situation: When a tornado touched down a few hundred feet from my property_comma_ I was pretty scared Conversation: I was really scared when a tornado came down a few hundred feet from my house. Oh that is scary_comma_ that happened to us a couple months ago! Yeah_comma_ there is really nothing you can do about it I guess. I suppose find the safest spot to bunker down_comma_ it's hard not to panic though Yeah_comma_ we had something similar,empathetic_dialogues,train,terrified,Situation: When a tornado touched down a few hundred feet from my property_comma_ I was pretty scared Conversation: I was really scared when a tornado came down a few hundred feet from my house. Oh that is scary_comma_ that happened to us a couple months ago! Yeah_comma_ there is really nothing you can do about it I guess. I suppose find the safest spot to bunker down_comma_ it's hard not to panic though Yeah_comma_ we had something similar,78,stress_and_anxiety,3,career_and_work,0,3,False,,,
empathetic_hit:12396_conv:24793,Situation: I have this feeling because I am applying to graduate school and I am anxious. Conversation: I am applying to graduate school and I am a little anxious about it! Oh_comma_ don't be! Just have faith in yourself and be confident that you can make it in. The interview is what is making me nervous! I see_comma_ think of it as having a conversation with a friend. It will make it easier!,empathetic_dialogues,train,apprehensive,Situation: I have this feeling because I am applying to graduate school and I am anxious. Conversation: I am applying to graduate school and I am a little anxious about it! Oh_comma_ don't be! Just have faith in yourself and be confident that you can make it in. The interview is what is making me nervous! I see_comma_ think of it as having a conversation with a friend. It will make it easier!,73,stress_and_anxiety,3,education,2,1,False,,,
empathetic_hit:10746_conv:21492,Situation: I am scared of zombies Conversation: I have a reoccurring nightmare that I am being eaten by zombies Really?  Have you watched any zombie movies or shows lately? It all started after watching the first season of walking dead Well that might explain it_comma_ those zombies aren't very nice!,empathetic_dialogues,train,afraid,Situation: I am scared of zombies Conversation: I have a reoccurring nightmare that I am being eaten by zombies Really? Have you watched any zombie movies or shows lately? It all started after watching the first season of walking dead Well that might explain it_comma_ those zombies aren't very nice!,50,stress_and_anxiety,1,grief_and_loss,1,0,True,,,
empathetic_hit:4396_conv:8792,Situation: I was so scared when i heard a gunshot sound the other day while i was walking through the street. i managed to get the hell out of there Conversation: I was so scared when i heard a gunshot sound while i was walking through the streets the other day No_comma_ i felt it would be better if i dont go looking for it. i managed to get the hell out of there,empathetic_dialogues,test,afraid,Situation: I was so scared when i heard a gunshot sound the other day while i was walking through the street. i managed to get the hell out of there Conversation: I was so scared when i heard a gunshot sound while i was walking through the streets the other day No_comma_ i felt it would be better if i dont go looking for it. i managed to get the hell out of there,74,stress_and_anxiety,2,career_and_work,0,2,False,,,
empathetic_hit:7935_conv:15870,Situation: On Friday I'm having my daughter_comma_ I am so nervous! Conversation: On Friday I'm having my daughter_comma_ I am so nervous! Congrats! Is this your first child? yes first one I think you will do fine! You will be in love at first sight for your!,empathetic_dialogues,train,terrified,Situation: On Friday I'm having my daughter_comma_ I am so nervous! Conversation: On Friday I'm having my daughter_comma_ I am so nervous! Congrats! Is this your first child? yes first one I think you will do fine! You will be in love at first sight for your!,47,stress_and_anxiety,2,family,1,1,False,,,
empathetic_hit:3096_conv:6193,Situation: I had to write a speech for a club I'm in and it made me have thoughts about what might happen if I didn't give a good speech_comma_ like people might get bored Conversation: Writing speeches makes me nervous Yeah_comma_ it seems like the learning curve is impossible! Maybe I just need more life experience True_comma_ a lot of people don't even have to think about what they're gonna say,empathetic_dialogues,test,anticipating,Situation: I had to write a speech for a club I'm in and it made me have thoughts about what might happen if I didn't give a good speech_comma_ like people might get bored Conversation: Writing speeches makes me nervous Yeah_comma_ it seems like the learning curve is impossible! Maybe I just need more life experience True_comma_ a lot of people don't even have to think about what they're gonna say,71,stress_and_anxiety,1,career_and_work,0,1,False,,,
empathetic_hit:10616_conv:21233,Situation: I ate a whole tub of ice cream the other night by self. I feel so terrible. Conversation: Oh my goodness! I was really stressed out the other night and ate a whole container of ice cream by myself. A delicious delicacy! Why were you stressed? I had a really hard test coming up and was afraid I wasn't going to pass it. I felt so bad afterwards eating all that ice cream. Oh! Bummer. Yeah stress gets to me too! Did you end up passing it?,empathetic_dialogues,train,guilty,Situation: I ate a whole tub of ice cream the other night by self. I feel so terrible. Conversation: Oh my goodness! I was really stressed out the other night and ate a whole container of ice cream by myself. A delicious delicacy! Why were you stressed? I had a really hard test coming up and was afraid I wasn't going to pass it. I felt so bad afterwards eating all that ice cream. Oh! Bummer. Yeah stress gets to me too! Did you end up passing it?,88,stress_and_anxiety,4,education,1,3,False,,,
empathetic_hit:7859_conv:15718,Situation: I am worried about take my finals this week. Conversation: I know I studied well_comma_ but I can't stop worrying about it. Yes on Friday. It is the final.,empathetic_dialogues,validation,anxious,Situation: I am worried about take my finals this week. Conversation: I know I studied well_comma_ but I can't stop worrying about it. Yes on Friday. It is the final.,30,stress_and_anxiety,1,career_and_work,0,1,False,,,
empathetic_hit:11323_conv:22646,Situation: it's monsoon season here where i live and I can hear the thunder rumbling_comma_ I hope we don't get flooded. I'm pretty scared. Conversation: it's monsoon season here where i live and I can hear the thunder rumbling_comma_ I hope we don't get flooded. I'm pretty scared. That is scary! Have you been watching the weather? yeah we have rain all week i'm not okay with that Rain can be such a damper. Make sure to be safe and carry around an umbrella if you go anywhere!,empathetic_dialogues,train,afraid,Situation: it's monsoon season here where i live and I can hear the thunder rumbling_comma_ I hope we don't get flooded. I'm pretty scared. Conversation: it's monsoon season here where i live and I can hear the thunder rumbling_comma_ I hope we don't get flooded. I'm pretty scared. That is scary! Have you been watching the weather? yeah we have rain all week i'm not okay with that Rain can be such a damper. Make sure to be safe and carry around an umbrella if you go anywhere!,88,stress_and_anxiety,2,daily_life,1,1,False,,,
empathetic_hit:3204_conv:6409,Situation: I came home and my outside window to my cat room was broken. It makes me feel scared as I am in a bad neighborhood and would like to know what happened when I wasn't home? Conversation: I came home and my outside window to my cat room was broken. Cat room? I've never heard of such a thing. A room for my cats! It makes me feel scared as I am in a bad neighborhood and would like to know what happened when I wasn't home? Did any of the cats get out? No. They had a screen in front of it- the window opens out- It's old- but I don't understand who broke it? And who was in my yard? Maybe you should get cameras,empathetic_dialogues,train,anxious,Situation: I came home and my outside window to my cat room was broken. It makes me feel scared as I am in a bad neighborhood and would like to know what happened when I wasn't home? Conversation: I came home and my outside window to my cat room was broken. Cat room? I've never heard of such a thing. A room for my cats! It makes me feel scared as I am in a bad neighborhood and would like to know what happened when I wasn't home? Did any of the cats get out? No. They had a screen in front of it- the window opens out- It's old- but I don't understand who broke it? And who was in my yard? Maybe you should get cameras,128,stress_and_anxiety,2,career_and_work,0,2,False,,,
empathetic_hit:149_conv:298,Situation: When I was driving home from my first job it was snowing. I accidentally hit a curb and spun into the other lane and almost into a ditch_comma_ I was very scared Conversation: Hi! One time when driving on fresh snow I almost wiped out into a ditch_comma_ that scared me That does sound scary! Were you okay? I did end up being okay_comma_ but man was I nervous and shaking Understandable_comma_ it must have been very unexpected!,empathetic_dialogues,train,afraid,Situation: When I was driving home from my first job it was snowing. I accidentally hit a curb and spun into the other lane and almost into a ditch_comma_ I was very scared Conversation: Hi! One time when driving on fresh snow I almost wiped out into a ditch_comma_ that scared me That does sound scary! Were you okay? I did end up being okay_comma_ but man was I nervous and shaking Understandable_comma_ it must have been very unexpected!,79,stress_and_anxiety,3,career_and_work,1,2,False,,,
empathetic_hit:5683_conv:11366,Situation: I'm about to ride a roller coaster for the first time! I hope I don't die! Conversation: I'm about to ride a roller coaster for the firat time in my life I am so afraid of coasters. I am too. What if I get on it and something bad happens and I die? That is very unlikely. Thats what they say.,empathetic_dialogues,train,terrified,Situation: I'm about to ride a roller coaster for the first time! I hope I don't die! Conversation: I'm about to ride a roller coaster for the firat time in my life I am so afraid of coasters. I am too. What if I get on it and something bad happens and I die? That is very unlikely. Thats what they say.,62,stress_and_anxiety,1,career_and_work,0,1,False,,,
empathetic_hit:10410_conv:20820,Situation: I heard some noises outside the house. I thought someone was trying to break in. Conversation: I heard some noises outside the house. I thought someone was trying to break in. what It turned out to be nothing_comma_ but it was really stressful. i can imagine_comma_ it happend to me before and it was actually someone trying to break in_comma_ i called hte police and they ran off,empathetic_dialogues,train,terrified,Situation: I heard some noises outside the house. I thought someone was trying to break in. Conversation: I heard some noises outside the house. I thought someone was trying to break in. what It turned out to be nothing_comma_ but it was really stressful. i can imagine_comma_ it happend to me before and it was actually someone trying to break in_comma_ i called hte police and they ran off,69,stress_and_anxiety,1,career_and_work,0,1,False,,,
empathetic_hit:4643_conv:9287,Situation: I was nervous when it storm last weekend. It rained hard Conversation: I was nervous when it stormed over the weekend. It was raining hard I would have been too we get them bad here. Are you in the south? I am in the southeast Same here_comma_ prepping for hurricane season. Stay safe!,empathetic_dialogues,train,anxious,Situation: I was nervous when it storm last weekend. It rained hard Conversation: I was nervous when it stormed over the weekend. It was raining hard I would have been too we get them bad here. Are you in the south? I am in the southeast Same here_comma_ prepping for hurricane season. Stay safe!,54,stress_and_anxiety,2,daily_life,2,0,True,,,
